NDBORROWFUND,SUMINVFLOWIN,ENDDATE,OTHERINVREC,COMMPAY,NICLIENTDEPOSIT,NDBUYSELLBACKFASSET,CANCELLOANREC,NILENDFUND,NIACCOUNTREC,REMARK,OTHEROPERATEPAY,DISPMASSETREC,FINAFLOWOUTOTHER,ISSUEOTHERBONDREC,FINAFLOWOUTBALANCE,INVFLOWOUTOTHER,DISPFILASSETREC,NDLENDFUND,DIVIORPROFITREC,NDLENDBUYSELLBACK,ISSUECD,NISELLBUYBACKFASSET,GETSUBSIDIARYPAY,OTHEROPERATEREC,NDBORROWFROMCBANK,SUMOPERATEFLOWIN,OPERATEFLOWOUTBALANCE,BONDINTPAY,ISSUEJUNIORBONDREC,NIBORROWFUND,BUYFINALEASEASSETPAY,OPERATEFLOWINBALANCE,NIDEPOSITINCBANK,INVFLOWINBALANCE,NETFINACASHFLOW,NIDEPOSITINCBANKFI,CASHEQUIBEGINNING,FIRSTNOTICEDATE,CASHEQUIENDINGBALANCE,INVFLOWBALANCE,NDDEPOSITINFI,INTPAY,TAXPAY,ISLISTINGREPORT,NDFIDEPOSIT,INTREC,REPORTDATE,FINAFLOWINOTHER,NITRADEFASSET,SUMOPERATEFLOWOUT,INTANDCOMMREC,ADDSHARECAPITALREC,FINAFLOWOTHER,DISPOSALINVREC,NDTRADEFASSET,NETCD,OTHERFINAREC,NDTRADEFLIAB,INVINCOMEREC,GROUPID,NILOANADVANCES,FINAFLOWINBALANCE,NETOPERATECASHFLOW,SUMFINAFLOWIN,NIDEPOSITINFI,NICASHEQUIBALANCE,NIFIDEPOSIT,COMMREC,DIVIPROFITORINTPAY,INVFLOWOTHER,ISSUESHAREREC,OPERATEFLOWBALANCE,NDSELLBUYBACKFASSET,CASHEQUIENDINGOTHER,NDISSUECD,SUMINVFLOWOUT,OPERATEFLOWOTHER,OPERATEFLOWOUTOTHER,NICASHEQUIOTHER,FINAFLOWBALANCE,INVPAY,LATESTNOTICEDATE,SUBSIDIARYACCEPT,REPAYDEBTPAY,ACCEPTINVREC,NIDEPOSIT,CASHEQUIENDING,NICASHEQUI,NIBUYSELLBACKFASSET,OTHERINVPAY,NDBORROWSELLBUYBACK,NILENDSELLBUYBACK,NDDEPOSITINCBANKFI,NITRADEFLIAB,INTANDCOMMPAY,OPERATEFLOWINOTHER,INVFLOWOUTBALANCE,NDDEPOSITINCBANK,INVFLOWINOTHER,BUYFILASSETPAY,SUMFINAFLOWOUT,NIBORROWSELLBUYBACK,DISPSUBSIDIARYREC,EFFECTEXCHANGERATE,OTHERFINAPAY,ISSUEBONDREC,NIBORROWFROMCBANK,EMPLOYEEPAY,STARTDATE,NETINVCASHFLOW,CURRENCY,COMBINETYPE,REPORTSOURCETYPE,REPORTTIMETYPE,COMPANYCODE
,2438916571,2019-12-31,,,,,,,,,413517887.7,,,,,,94773.87,,,,,,,3559562466,,1747818615,0,,,-2450000000,,0,,0,60240000,,616311632.6,2020-4-30,0,0,,,195077274.6,1,,,2019-12-31,60240000,,1044509825,638256149.3,,,2386569161,,,,,52252636.2,,-56913702.18,0,703308790.4,60240000,,0,,,,,,0,,,,3622135292,,,,0,3611427007,2020-4-30,,,,,196641702.6,-419669930,,,,,,,231655575.5,,0,,,10708284.41,,-2450000000,,,,,,261172789.2,2019-1-1,-1183218720,CNY,合并,年度报告,年度报告,10634774
,6.96739E+11,2020-12-31,,,4.46317E+11,30913000000,2428000000,,,,17813000000,,,,0,,305000000,20549000000,,51462000000,,,,14301000000,41570000000,7.24007E+11,0,15732000000,,13820000000,20794000000,0,44276000000,0,-61453000000,44276000000,1.8768E+11,2020-3-28,0,0,1543000000,,21203000000,1,45587000000,,2019-12-31,34959000000,6928000000,6.58907E+11,1.94136E+11,,,6.37019E+11,,,,,59415000000,,3.31235E+11,0,65100000000,2.59218E+11,,0,,,25634000000,,,0,14793000000,,,7.71162E+11,,,,0,7.66714E+11,2021-3-27,,,,4.46317E+11,1.17499E+11,-70181000000,,,14793000000,,1543000000,,96688000000,,0,,,4448000000,3.20671E+11,13820000000,,595000000,2744000000,2.24259E+11,,18020000000,2019-1-1,-74423000000,CNY,合并,年度报告,年度报告,10008223
,1.84093E+12,2020-12-31,,,1.53364E+12,,,49783000000,,,1.21517E+11,433000000,37323000000,,0,10643000000,9587000000,,,,,,,1.35146E+11,,3.30773E+12,0,24989000000,,4034000000,,0,,0,1.12874E+11,90061000000,1.50952E+12,2020-3-28,0,0,,,1.30927E+11,1,,,2019-12-31,1.50057E+11,,2.82649E+12,1.03291E+12,,,1.61348E+12,,9762000000,,,2.1712E+11,,1.41685E+12,0,4.8124E+11,1.29073E+12,90061000000,0,4.43844E+11,,1.14642E+11,,,0,2.51349E+11,,,2.50362E+12,,41058000000,,0,2.46694E+12,2021-3-27,,1.02094E+12,,1.97749E+12,1.45041E+12,-59110000000,1.90149E+11,,2.51349E+11,2.39932E+11,1.3532E+11,12103000000,4.0951E+11,,0,1.3532E+11,,26038000000,1.17786E+12,4034000000,752000000,9462000000,4950000000,1.14067E+12,534000000,1.25286E+11,2019-1-1,-6.62686E+11,CNY,合并,年度报告,年度报告,10008224
,1.69954E+12,2020-12-31,,,,,,94096000000,,,1.89032E+11,,196000000,,0,,2366000000,,,,,83663000000,4978000000,2.0047E+11,2132000000,3.25202E+12,0,18051000000,,96186000000,,0,,0,-1.01841E+11,,8.60702E+11,2020-3-30,0,0,,,1.10265E+11,1,,,2019-12-31,41971000000,,2.67074E+12,8.88778E+11,,,1.5043E+12,,3.3817E+11,,,1.9287E+11,,1.29797E+12,0,5.81287E+11,84077000000,,0,,,99061000000,,,0,,,,1.99208E+12,,1.60777E+11,,0,1.96387E+12,2021-3-27,,79052000000,,1.46128E+12,1.05234E+12,1.91638E+11,3.55758E+11,,,4.49854E+11,1.83478E+11,,3.5769E+11,,0,,,23234000000,1.85918E+11,1.79849E+11,,4740000000,7609000000,42106000000,,1.0302E+11,2019-1-1,-2.92548E+11,CNY,合并,年度报告,年度报告,10008225
,5.36246E+12,2019-12-31,14342000000,,,,,,,,29394000000,,,,0,,161000000,,,,,,,15277000000,1.028E+11,5.8948E+11,0,,,,5241000000,0,,0,1.66667E+11,,5.49177E+11,2020-4-29,0,0,,,23143000000,1,,,2019-12-31,,,1.17749E+12,2.24627E+11,,,5.21988E+12,,,,,1.28078E+11,,5.4491E+11,0,-5.88009E+11,1.02222E+12,,0,,,44076000000,,,0,,,,4.76012E+12,,1.34656E+11,,0,4.74399E+12,2020-4-29,238000000,8.1013E+11,32145000000,3.36384E+11,7.3173E+11,1.82553E+11,,10612000000,67358000000,1.00499E+11,13192000000,,1.43797E+11,,0,,,5517000000,8.55552E+11,,,1558000000,1346000000,9.90074E+11,,25691000000,2019-1-1,6.02337E+11,CNY,合并,年度报告,年度报告,10008226
,4.66809E+11,2020-12-31,,,,87000000,,12209000000,,,26083000000,,,,0,,164000000,,,87000000,,32189000000,,46386000000,36303000000,5.87214E+11,0,,,1311000000,,0,,0,1.58667E+11,,1.61801E+11,2020-2-14,0,0,,,22879000000,1,,,2019-12-31,6.09328E+11,56489000000,6.27239E+11,2.01527E+11,,,4.35711E+11,,,,,30934000000,,3.74197E+11,0,-40025000000,6.09328E+11,,0,,,3364000000,,,0,,,,5.68865E+11,,56489000000,,0,5.65312E+11,2021-2-2,,4.41513E+11,,2.8585E+11,1.79058E+11,17257000000,,,,12209000000,19864000000,,80989000000,,0,,,3553000000,4.50661E+11,33500000000,,671000000,,6.09328E+11,,18090000000,2019-1-1,-1.02056E+11,CNY,合并,年度报告,年度报告,10004085
42377000000,1.95579E+12,2019-12-31,,,,15474000000,,,,,2.44581E+11,,4763000000,,0,2657000000,1178000000,,,15474000000,,,,2.08474E+11,,2.73607E+12,0,,,,,0,,0,3.51765E+11,,9.78441E+11,2020-3-31,0,0,,,88315000000,1,,,2019-12-31,1.25825E+11,,2.3835E+12,7.26967E+11,,,1.73157E+12,10021000000,,,,2.23034E+11,,1.44287E+12,0,3.52571E+11,1.59148E+12,,0,,,65462000000,,,0,1.03876E+11,,,2.18659E+12,,,,0,2.16982E+12,2020-3-31,,,,1.55182E+12,1.45458E+12,4.7614E+11,,,1.46253E+11,,1.73726E+11,,3.42409E+11,,0,,,14110000000,1.23971E+12,,,2609000000,,1.46565E+12,49587000000,1.19065E+11,2019-1-1,-2.30805E+11,CNY,合并,年度报告,年度报告,10008271
,6.55741E+11,2020-12-31,,,4.13115E+11,1.04171E+11,,,,,41064000000,,,,0,,2957000000,67192000000,,1.71363E+11,,,,60249000000,54970000000,1.01792E+12,0,,,10781000000,,0,,0,86728000000,,2.43492E+11,2020-3-28,0,0,,,27294000000,1,1.62399E+11,,2019-12-31,39994000000,,1.10047E+12,3.31568E+11,,,5.65819E+11,,,,,86965000000,,4.9123E+11,0,-82545000000,2.08265E+11,,0,,,34709000000,,,0,30710000000,,,7.37549E+11,,24219000000,,0,7.05173E+11,2021-3-27,,,,4.13115E+11,1.67735E+11,-75757000000,,,30710000000,,30844000000,,2.37441E+11,,0,,,32376000000,1.21537E+11,10781000000,,1868000000,,1.68271E+11,,31138000000,2019-1-1,-81808000000,CNY,合并,年度报告,年度报告,10008272
,2.96825E+12,2019-12-31,,,,,,,,,3.22956E+11,,45987000000,,0,,10554000000,,,,,,1249000000,80064000000,59590000000,1.72182E+12,0,,,29958000000,,0,,0,2.93111E+11,,1.6886E+12,2020-3-28,0,0,,,57425000000,1,,,2019-12-31,,,2.20609E+12,7.16842E+11,,,2.7986E+12,,,61000000,,1.5763E+11,,1.32276E+12,0,-4.84266E+11,1.12687E+12,,0,,,96557000000,,,0,,,,3.13393E+12,,,,0,3.09366E+12,2020-3-28,,6.84069E+11,1.41341E+11,8.724E+11,1.34589E+12,-3.42708E+11,,,,,22558000000,,3.54697E+11,,0,,,39019000000,8.33763E+11,29958000000,1459000000,14125000000,7150000000,9.85472E+11,,88665000000,2019-1-1,-1.65678E+11,CNY,合并,年度报告,年度报告,10008273
,1.35856E+12,2020-12-31,2477000000,11023000000,,10718000000,,64918000000,,,76234000000,,,,0,,,,,10718000000,,1.08023E+11,,10275000000,,7.77281E+11,0,,,13907000000,,0,,0,1.51767E+11,,1.87644E+11,2020-4-25,0,0,,1.1683E+11,33010000000,1,,2.42337E+11,2019-12-31,,,8.45909E+11,2.79292E+11,,,1.281E+12,,,,,75082000000,,4.91993E+11,0,-68628000000,1.23933E+12,,0,,36955000000,42301000000,,,0,,,,1.42553E+12,,26727000000,,0,1.4167E+12,2021-3-27,24000000,1.04526E+12,24000000,3.3554E+11,2.05084E+11,17440000000,,,,64918000000,6577000000,,1.27853E+11,,0,,,8829000000,1.08756E+12,1.2193E+11,,1274000000,,1.23931E+12,12949000000,25174000000,2019-1-1,-66973000000,CNY,合并,年度报告,年度报告,10002252
41161000000,1.3161E+12,2019-12-31,,,,,,,,,22150000000,,,,0,,501000000,4997000000,,4997000000,,12058000000,3000000,10280000000,1.03051E+11,8.43854E+11,0,,,,,0,,0,1.57688E+11,,1.38026E+11,2020-3-31,0,0,,,18826000000,1,,,2019-12-31,59968000000,72461000000,9.28781E+11,2.49871E+11,,,1.23401E+12,,,,,81593000000,,4.86081E+11,0,-84927000000,9.95401E+11,,0,,,28502000000,,,0,,,,1.38319E+12,,,,0,1.37497E+12,2020-3-31,,8.05232E+11,,5.50667E+11,1.4465E+11,6624000000,26755000000,,41161000000,26755000000,15981000000,,1.30078E+11,,0,,,8218000000,8.37713E+11,12058000000,,954000000,3979000000,9.35433E+11,,28218000000,2019-1-1,-67091000000,CNY,合并,年度报告,年度报告,10002264
,8.57293E+11,2020-12-31,,,4.43748E+11,,,,,,15129000000,,4.03965E+11,,0,,5063000000,,,35458000000,27631000000,,46000000,16067000000,43625000000,9.03126E+11,0,,,,,0,36397000000,0,1.1045E+11,65938000000,5.43683E+11,2020-3-21,0,0,,,50865000000,1,,,2019-12-31,4.57889E+11,9819000000,8.98694E+11,3.23177E+11,,,8.0297E+11,,,6509000000,,49221000000,,5.09737E+11,0,4432000000,5.62636E+11,29541000000,0,84676000000,,25673000000,,,0,52493000000,,,9.27864E+11,,,,0,9.03854E+11,2021-3-20,,,,5.28424E+11,5.89675E+11,45992000000,,,52493000000,,,,1.08812E+11,,0,,,23964000000,4.52186E+11,,39000000,1681000000,185000000,70607000000,,42276000000,2019-1-1,-70571000000,CNY,合并,年度报告,年度报告,10002271
23227000000,1.94162E+12,2020-12-31,,,4.17812E+11,788000000,,18513000000,,,96926000000,,3011000000,,0,,399000000,,,788000000,,,,11036000000,44840000000,9.99387E+11,0,,,,,0,,0,1.00579E+11,70522000000,3.76009E+11,2020-3-27,0,0,,,25380000000,1,,,2019-12-31,39993000000,,8.82418E+11,3.25336E+11,,,1.94053E+12,29279000000,,,243000000,373000000,,4.40025E+11,0,1.16969E+11,6.26263E+11,70522000000,0,1.70271E+11,,35881000000,,,0,8467000000,,,2.19469E+12,,,,0,2.19063E+12,2021-3-26,,4.86792E+11,,5.88083E+11,3.42449E+11,-33560000000,,,31694000000,18513000000,44865000000,,1.25832E+11,,0,44865000000,321000000,4056000000,5.25684E+11,,,1956000000,,5.8627E+11,,28443000000,2019-1-1,-2.53064E+11,CNY,合并,年度报告,年度报告,10008350
,5526237645,2019-12-31,1359730721,,,,,,,,1008785049,,,,0,,2900,,,,,130113000,,10010749.49,,1554180272,0,,,,,0,,0,192457243.1,,1192528393,2020-4-28,0,0,,,244286848.8,1,,,2019-12-31,,-239436107,2956138499,1414056523,,,3911643332,,,2200000000,,254860692,,1580000000,0,-1401958227,2200000000,,0,,,157542756.9,,,0,,,,4682211219,,,,0,4677434359,2020-4-28,,,,,827053835.3,-365474557.8,,,,,,,1106099.62,,0,,,4776860.23,2007542757,130113000,,,1850000000,,,361396608.5,2019-1-1,844026426.1,CNY,合并,年度报告,年度报告,10005509
8843282000,1.17095E+12,2019-12-31,1586000,,,,,,,,5049013000,,,,0,,,,,,,,,3570673000,,1.72027E+11,0,,,,,0,,0,-19898811000,,26941950000,2020-4-30,0,0,,,4596752000,1,,,2019-12-31,,,1.43872E+11,65697567000,,,1.1673E+12,,,,,3648762000,,93006130000,0,28154431000,1.76322E+11,,0,,,6900560000,,,0,,,,1.17015E+12,,,,0,1.1696E+12,2020-4-30,,1.8932E+11,,64463858000,36108572000,9166622000,,,8843282000,,8368506000,,27029734000,,0,,,558257000,1.96221E+11,,,119160000,,1.76322E+11,29926050000,5347312000,2019-1-1,791842000,CNY,合并,年度报告,年度报告,10009846
,5.53958E+11,2019-12-31,,,,,,,,,17383000000,,,,0,,332000000,,,14752000000,,,,2364000000,29513000000,5.10171E+11,0,,,,,0,,0,8830000000,,66204000000,2020-4-17,0,0,,,13346000000,1,,,2019-12-31,,,4.31089E+11,1.22738E+11,,,5.18775E+11,1141000000,,,,34851000000,,2.95951E+11,0,79082000000,42493000000,,0,,,8663000000,,,0,,,,6.15602E+11,,,,0,6.14588E+11,2020-4-17,,25000000000,39993000000,1.72057E+11,92667000000,26463000000,,,,,28528000000,,59515000000,63140000000,0,,,1014000000,33663000000,1.05451E+11,,195000000,,2500000000,,15381000000,2019-1-1,-61644000000,CNY,合并,年度报告,年度报告,10007156
21836000000,3.07531E+11,2019-12-31,102000000,1179000000,,,,14387000000,,,19500000000,,,,0,,8000000,,,,,,,43639000000,,3.37106E+11,0,15153000000,,,,0,,0,-29664000000,,1.95813E+11,2020-4-28,0,0,,44230000000,11031000000,1,,83301000000,2019-12-31,,,3.1691E+11,92404000000,,,2.71238E+11,,,,,36183000000,,1.98315E+11,0,20196000000,3.10483E+11,,0,,9103000000,21936000000,,,0,,,,3.07133E+11,,,,0,3.02011E+11,2020-4-28,,3.18211E+11,,1.40398E+11,1.86941E+11,-8872000000,,,21836000000,14387000000,34312000000,,45409000000,,0,,,5122000000,3.40147E+11,,,198000000,,3.10483E+11,26353000000,6432000000,2019-1-1,398000000,CNY,合并,年度报告,年度报告,10008249
18277883000,1.81062E+12,2019-12-31,,,,,,990487000,,,7605834000,,,,0,,18306000,,,,,35733472000,,1856553000,,2.33862E+11,0,,,,,0,,0,356315000,8336116000,25573215000,2020-4-25,0,0,,,2879052000,1,,,2019-12-31,,,1.93524E+11,42476924000,,,1.79526E+12,,,,,15345852000,,98787434000,0,40338631000,3.76509E+11,,0,,,7266125000,,,0,,,,1.83493E+12,,29959489000,,0,1.83232E+12,2020-4-25,,3.68885E+11,,1.3923E+11,42051752000,16478537000,,,18277883000,990487000,,,19100160000,,0,,,2608517000,3.76153E+11,35733472000,,90321000,1132000,3.76509E+11,14565000000,7587201000,2019-1-1,-24306730000,CNY,合并,年度报告,年度报告,10034047
,24521837000,2019-12-31,,,,,,514524000,,,281000000,,,,0,,4241000,,,,,,,32364000,,15234422000,0,,,1167490000,,0,,0,-4015645000,394388000,6757923000,2020-4-24,0,0,,,354648000,1,,,2019-12-31,,,11446555000,4377388000,,,23438407000,,,,,1079189000,,9833857000,0,3787867000,25248189000,,0,,,163834000,,,0,,,,24963109000,,,,0,24665008000,2020-4-24,,29100000000,,11027074000,6085188000,-672735000,-2079766000,,,-1565242000,,,1405299000,-1489894000,0,,,298101000,29263834000,1167490000,,-3685000,,25248189000,120000000,742605000,2019-1-1,-441272000,CNY,合并,年度报告,年度报告,10116499
,7.42634E+11,2019-12-31,,,,,,,,,1433066000,,,,0,,5714000,,,,,,,2338752000,,60067746000,0,,,4386390000,,0,,0,4428526000,,17880589000,2020-4-28,0,0,,,2053575000,1,,,2019-12-31,123700000,,53118317000,16065639000,,,7.30224E+11,,,,,12404511000,,35869514000,0,6949429000,1.40584E+11,,0,,,4895174000,,,0,73314000,,,7.42624E+11,,3376657000,,0,7.41533E+11,2020-4-28,,1.3126E+11,,22522550000,29270036000,11389447000,,,73314000,,2823415000,,7961946000,,0,,,1090917000,1.36155E+11,4386390000,,1169000,,1.4046E+11,11931000000,2350245000,2019-1-1,10323000,CNY,合并,年度报告,年度报告,10035531
17416386000,3.54792E+11,2019-12-31,,,,,,,,,2360315000,,,,0,,1561000,1010653000,,1010653000,,,,4501431000,,1.77903E+11,0,,,,,0,,0,-32191950000,,74056425000,2020-4-30,0,0,,,2051175000,1,,,2019-12-31,,,1.32609E+11,27498978000,,,3.36019E+11,,,,,18771141000,,65599096000,0,45294250000,1.53038E+11,,0,,,8063831000,,,0,,,,3.52985E+11,,24564801000,,0,3.52458E+11,2020-4-30,,1.77166E+11,,83537489000,89049478000,14993053000,,,17416386000,,6947355000,,16993831000,29203411000,0,,,527191000,1.85229E+11,,,84058000,,1.53038E+11,25203623000,3623086000,2019-1-1,1806695000,CNY,合并,年度报告,年度报告,10065741
,32372941000,2020-12-31,,,,,,-670952000,,,454260000,,,,0,,112000,,,,,708965000,,13808000,,18581025000,0,,,60778000,,0,,0,-5539959000,-3647580000,9739715000,2020-3-28,0,0,,,552844000,1,,,2019-12-31,,3774599000,14575570000,6745500000,,,32070657000,,,,,302172000,,9724660000,0,4005455000,20944174000,,0,,,534133000,,,0,,,,37084432000,,,,0,36934501000,2021-3-30,,25950000000,,9601974000,3494998000,-6244717000,,,,-670952000,,,3872683000,,0,,,149931000,26484133000,769743000,,1278000,,20944174000,1450000000,515056000,2019-1-1,-4711491000,CNY,合并,年度报告,年度报告,10068001
,3.49308E+12,2019-12-31,239187000,,,,,,,,14097153000,,,,0,,,,,,,,,1436887000,,1.74639E+11,0,,,4414790000,,0,,0,12695331000,,47735785000,2020-4-11,0,0,,,5962459000,1,,,2019-12-31,,8177456000,2.32597E+11,77949458000,,,3.46868E+12,,,,,24168542000,,1.55047E+11,0,-57957767000,5.374E+11,,0,,,8194445000,,,0,,,,3.4443E+12,,,,0,3.4436E+12,2020-4-11,,5.1651E+11,1500000000,76532953000,51383938000,3648153000,,,,,2764950000,,41699522000,,0,,,701857000,5.24704E+11,4414790000,,126936000,,5.359E+11,11540000000,7613218000,2019-1-1,48783653000,CNY,合并,年度报告,年度报告,10101081
,5.59143E+11,2019-12-31,,779394000,1.43657E+11,11905626000,,63621350000,,,6053180000,,,,0,,7000000,,,11905626000,,2189601000,,3944801000,10772000000,2.61256E+11,0,6192116000,,5301961000,,0,2891079000,0,-10774614000,2891079000,85401765000,2020-4-25,0,0,1763767000,38871189000,8534332000,1,,60276971000,2019-12-31,,5092000,2.69188E+11,68208447000,,,5.25578E+11,,,,,33558016000,,1.32274E+11,0,-7932395000,8.34936E+11,,0,23885684000,7931476000,12118381000,,,0,,,,5.78679E+11,,,,0,5.77938E+11,2020-4-25,,,,1.67543E+11,47309014000,-38092751000,,,,63621350000,1763767000,398725000,39650583000,,0,,,741746000,8.45711E+11,7491562000,,150304000,,8.34936E+11,,5387088000,2019-1-1,-19536046000,CNY,合并,年度报告,年度报告,10008384
,36569987000,2020-12-31,126000,,,,,290419000,,,1074375000,,,,0,,7870000,,,,,2702699000,,162713000,272570000,37055875000,0,,,1419039000,,0,,0,-11305429000,175456000,5572294000,2020-4-23,0,0,,,924177000,1,,,2019-12-31,,897931000,25989683000,10923839000,,,36252606000,,,,,309385000,,17539789000,0,11066192000,30580129000,,0,,,610002000,,,0,,,,34478579000,,,,0,34232342000,2021-3-31,167900000,41275556000,167900000,21847585000,7442544000,1870250000,,,,290419000,,,3362292000,,0,,,246237000,41885558000,4121738000,,18079000,,30412229000,,1452674000,2019-1-1,2091408000,CNY,合并,年度报告,年度报告,10065740
,1.21221E+11,2019-12-31,,,,,,3535974000,,,1262301000,,,,0,,483000,,,,,4761735000,,239329000,,84280264000,0,,,140099000,,0,,0,-10461129000,,36853381000,2020-4-29,0,0,,,1984088000,1,,,2019-12-31,,,60404631000,13265305000,,,1.13066E+11,,,,,8154031000,,45819825000,0,23875633000,1.97703E+11,,0,,,1524222000,,,0,,,,1.44285E+11,,,,0,1.44069E+11,2020-4-29,,,,31993686000,27217210000,-9636171000,,,,3535974000,4904447000,,5937231000,,0,,,215749000,2.08164E+11,4901834000,,13398000,,1.97703E+11,28975663000,1865212000,2019-1-1,-23064073000,CNY,合并,年度报告,年度报告,10037583
1360276200,2.82786E+11,2019-12-31,52661173.22,,,,,453824018.5,,,482551459,,,,0,,,,,,,,,51820276.41,,15637336249,0,,,,,0,,0,132597682.5,31187159.53,3155839979,2020-4-28,0,0,,,362661720.4,1,,,2019-12-31,,,19413106675,4518712154,,,2.80964E+11,,,,,1769577299,,12308948617,0,-3775770426,22553489640,,0,,,283166932.4,,,0,1670955994,,,2.78954E+11,,,,0,2.78684E+11,2020-4-28,,22137725025,,10607803819,3348956200,193116221.1,,,3031232194,453824018.5,,,1972778880,,0,,,269884040.7,22420891957,,,4640048.74,,22553489640,459000000,769922626.3,2019-1-1,3831648916,CNY,合并,年度报告,年度报告,10063621
,73584787000,2019-12-31,,,,,,,,,340392000,,,,0,,29000,,,,,,,144231000,,22157488000,0,,,6552121000,,0,,0,-7141812000,-389620000,2528727000,2020-3-31,0,0,,,275020000,1,,,2019-12-31,,,10691018000,5006067000,,,73041021000,,,,,543737000,,7545482000,0,11466470000,29101680000,,0,,,93492000,,,0,,,,78398955000,,,,0,78252268000,2020-3-31,,36150000000,,8827979000,2041502000,-487225000,,,,,,,2315471000,,0,,,146687000,36243492000,6552121000,,2285000,,29101680000,1627090000,604273000,2019-1-1,-4814168000,CNY,合并,年度报告,年度报告,10120308
,,2020-12-31,,,,,,,,,111712722.1,,,,0,,,,,,,,,29381376.49,,38339789636,0,,,7757078127,,0,1859247.96,,-1411134953,1859247.96,533586996.6,2020-4-30,0,0,,1508570535,730425707.5,1,,,2019-12-31,,,37118889317,424638015.1,,,,,,,,,,,0,1220900319,2390000000,,0,,424638015.1,943317678.9,,,0,,,,41832616.93,,34595378495,,0,,2021-3-25,,2847579590,,,301519745.8,-232067250.8,,,,,,,1508570535,30128692117,0,,,41832616.93,3801134953,7757078127,,,10237683.59,2390000000,,170942609,2019-1-1,-41832616.93,CNY,合并,年度报告,年度报告,10097203
,1.03964E+11,2019-12-31,,,23062458000,1253031000,68032000,,,,1122444000,,,,0,,25729000,78382000,,1331413000,,2579641000,,449737000,647784000,46817754000,0,2074043000,,2006104000,,0,48587000,0,13277992000,48587000,13509179000,2020-4-27,0,0,4112789000,,1799589000,1,,,2019-12-31,,83347000,51658323000,11379161000,,,98242667000,,,,,5695175000,,42651095000,0,-4840569000,95157619000,,0,1828419000,,2899199000,,,0,,,,1.08757E+11,,,,0,1.08468E+11,2020-4-27,,,2152072000,24890877000,17153911000,3644732000,,,,,4112789000,,3814566000,,0,,,289316000,81879627000,4585745000,,858000,,93005547000,,1490911000,2019-1-1,-4793549000,CNY,合并,年度报告,年度报告,10282280
680855876,1.89085E+11,2019-12-31,,,23718126265,,,5988149080,,,1712213062,,,,0,,31196593,,,,,10990536700,,757936878,639872117,50242628518,0,,,,,0,,0,-825536240,,29240768286,2020-3-31,0,0,,,942669882,1,5653437508,,2019-12-31,,19374180351,64143363626,11823907023,,,1.84915E+11,,,,,4138258296,,21944479970,0,-13900735108,1.84145E+11,,0,,,2015968409,,,0,,,,1.84872E+11,,,,0,1.8457E+11,2020-3-31,,1.8291E+11,2620000005,23718126265,18753191036,-10487577250,,,680855876,5988149080,2952121652,,5591604603,,0,,,302080259,1.84971E+11,10990536700,,26332397,44788051,1.81525E+11,,1615901177,2019-1-1,4212361701,CNY,合并,年度报告,年度报告,10063568
,57806750000,2019-12-31,,,,,,,,,950781000,,,,0,,39046000,,,,,,,34499000,16050000,30245457000,0,,,4780577000,,0,,0,-9016284000,,22002802000,2020-3-25,0,0,,,876056000,1,,,2019-12-31,,,20232856000,8777203000,,,57462625000,,,,,305079000,,15202509000,0,10012601000,56381003000,,0,,,1924985000,,,0,,,,57057283000,,,,0,57004863000,2020-3-25,,63472302000,,13342490000,23762761000,1759959000,,,,,3310688000,,2502155000,,0,,,52420000,65397287000,4780577000,,14175000,,56381003000,,685305000,2019-1-1,749467000,CNY,合并,年度报告,年度报告,10070043
,58989100000,2019-12-31,,,37115060000,,,,,,2377479000,,,,0,,26955000,1061906000,,1061906000,,1179371000,,1157525000,5271556000,60265707000,0,,,2726981000,,0,,0,9475327000,,10212182000,2020-3-21,0,0,200000000,,1273145000,1,,,2019-12-31,1962570000,,67271442000,10655490000,,,52477166000,,,,,6484979000,,48460968000,0,-7005735000,85760858000,,0,4784097000,,2059026000,,,0,,,,49173454000,,1386300000,,0,48872103000,2020-3-21,,74130000000,,41899157000,22500749000,12288567000,2026600000,,,2026600000,1585277000,,4853672000,,0,1385277000,,301351000,76285531000,3906352000,,3329000,96505000,83798288000,,1621722000,2019-1-1,9815646000,CNY,合并,年度报告,年度报告,10030726
,1.27898E+11,2019-12-31,,,25085926000,,,,,,210569000,,,,0,,4762000,294026000,,294026000,,,,42946000,,56998259000,0,3466185000,,489529000,,0,,0,6586874000,,22521114000,2020-3-31,0,0,51161000,,1901174000,1,8307643000,,2019-12-31,,,64849062000,13756429000,,,1.16607E+11,,,,,11286763000,,39721461000,0,-7850803000,1.24738E+11,,0,,,4863064000,,,0,,,,1.31417E+11,,2565857000,,0,1.30508E+11,2020-3-31,,,,25085926000,17766563000,-4754551000,,,,,3928986000,,10243388000,7681617000,0,3877825000,,908738000,1.18151E+11,489529000,,27942000,147366000,1.24738E+11,5718800000,1898970000,2019-1-1,-3518564000,CNY,合并,年度报告,年度报告,10066057
,2.88855E+11,2019-12-31,,,,,,800000000,,,2910072000,,,,0,,4540000,,,,,3376900000,,85949000,,60674295000,0,,,6278402000,,0,,0,23177898000,-4200852000,16065170000,2020-3-30,0,0,,,2586541000,1,,,2019-12-31,,14361172000,86462863000,18001117000,,,2.7904E+11,,,,,9810635000,,58861478000,0,-25788568000,1.67534E+11,,0,,,1613465000,,,0,,,,2.78675E+11,,,,0,2.78082E+11,2020-3-30,294000000,1.4274E+11,6288680000,41671927000,23651918000,7586748000,,,,800000000,,,8391445000,,0,,,593283000,1.44357E+11,9655302000,,16935000,3095000,1.61246E+11,-8740000000,2753007000,2019-1-1,10180483000,CNY,合并,年度报告,年度报告,10009910
,31597633000,2019-12-31,,,13758648000,,,100000000,,,859140000,,,,0,,6807000,,,,,3990100000,,162795000,1900000000,33491306000,0,,,882589000,,0,,0,14764958000,172416000,9890546000,2020-4-22,0,0,,,1313623000,1,2589979000,,2019-12-31,,,31520675000,12275717000,,,31014831000,,,,,574795000,,20602251000,0,1970631000,85447365000,172416000,0,,,822407000,,,0,,,,45976997000,,,,0,45909439000,2020-4-22,,69860000000,2004284000,13758648000,12246771000,2356225000,,,,100000000,2421457000,,3113397000,,0,2421457000,1200000,67558000,70682407000,4872689000,,,,83443081000,,869869000,2019-1-1,-14379364000,CNY,合并,年度报告,年度报告,10051935
4338273000,3.78345E+12,2019-12-31,,499875000,1.67449E+11,,,,,,26263258000,,,,0,,13754000,6726395000,,6726395000,,28148089000,,7561639000,,2.80031E+11,0,,,,,0,2909188000,0,-36439440000,2909188000,37638813000,2020-3-30,0,0,1599359000,34959774000,6912970000,1,37696099000,,2019-12-31,,,2.91576E+11,62634581000,,,3.75426E+12,5911958000,,,,29168894000,,1.68803E+11,0,-11544555000,2.39916E+11,,0,,,9258333000,,,0,,,,3.7263E+12,,,,0,3.72162E+12,2020-3-30,,2.67097E+11,12437943000,1.67449E+11,46944014000,9305201000,1383590000,,4338273000,1383590000,1599359000,,35459649000,,0,,,4682639000,2.76356E+11,28148089000,,144117000,,2.27478E+11,,7809296000,2019-1-1,57145079000,CNY,合并,年度报告,年度报告,10053837
5352818450,5.34667E+12,2019-12-31,,,14715960009,,,2668769428,,,625526762.9,,,,0,,791475.13,,,,,6616888494,,510851324.8,,34763234982,0,,,,1425526570,0,,0,-982866365.5,,19025648290,2020-4-28,0,0,4859983636,,628490104,0,1414251518,,2019-12-31,,,42415836848,6957957482,,,5.34354E+12,,,,,3126546346,,24986388581,0,-7652601866,1.37579E+11,,0,,,742215385.5,,,0,,,,5.33699E+12,,,,0,5.33639E+12,2020-9-8,,1.3782E+11,,14715960009,20103179636,1077531346,,,5352818450,2668769428,5272577672,,4484765749,,0,412594036.9,,599166583.1,1.38562E+11,6616888494,,33559499.67,,1.37579E+11,689000000,829299686,2019-1-1,9679440078,CNY,合并,招股意向书,年度报告,10043863
2840687000,1.92231E+11,2019-12-31,,,,,,,,,2143895000,,2.4986E+11,,0,,56207000,,,,,9144989000,,991234000,,1.11302E+11,0,,,,,0,,0,13885230000,,34637437000,2020-3-27,0,0,,,5337261000,1,,,2019-12-31,9887711000,198777000,87450705000,34552498000,,,1.79248E+11,,,,,12926435000,,56609846000,0,23851259000,2.66528E+11,,0,,,2709435000,,,0,,,,2.44083E+11,,,,0,2.43246E+11,2020-3-27,,,,41085799000,20533230000,-14104207000,,,2840687000,,20508603000,,14189755000,4122143000,0,20508603000,,837524000,2.52643E+11,9144989000,,12102000,73484000,2.5664E+11,896698000,6130484000,2019-1-1,-51852798000,CNY,合并,年度报告,年度报告,10141741
,1.37969E+11,2019-12-31,,106091000,,,,,,,1131969000,,50103000,,0,,46703000,,,,,,,739722000,,50298408000,0,,,,,0,,0,3995778000,,14267072000,2020-5-6,0,0,,9134980000,3067018000,0,,15378235000,2019-12-31,,,53010133000,16828613000,,,1.36498E+11,,,,,1423578000,,36019010000,0,-2711725000,1.08757E+11,,0,,1450378000,1530790000,,,0,,,,1.43606E+11,,1990568000,,0,1.43235E+11,2020-12-30,,1.0318E+11,,22595197000,9958679000,-4308393000,,,,,1086964000,,9241071000,,0,,,371392000,1.04761E+11,,,44726000,,1.08757E+11,9047912000,1560497000,2019-1-1,-5637172000,CNY,合并,招股说明书,年度报告,10008291
13794000000,8.22335E+11,2020-12-31,,,,1701000000,,26836000000,,,1.08542E+11,,3331000000,,0,,39000000,,,1701000000,,,,7106000000,,1.13248E+12,0,3015000000,,,,0,,0,23857000000,,4.0242E+11,2020-3-26,0,0,,,33549000000,1,,,2019-12-31,28020000000,,1.10604E+12,3.04361E+11,,,7.00567E+11,,,,,1.21729E+11,,7.03627E+11,0,26443000000,80560000000,,0,,,21212000000,,,0,36545000000,,,9.96049E+11,,,,0,9.89315E+11,2021-3-30,,,,6.3767E+11,2.80348E+11,-1.22072E+11,,,50339000000,26836000000,1.60859E+11,,1.37344E+11,20784000000,0,,,6734000000,56703000000,,,1342000000,,52540000000,,45801000000,2019-1-1,-1.73714E+11,CNY,合并,年度报告,年度报告,10092840
