ACCEPTINVREC,BUYFILASSETPAY,BUYSELLBACKFASSETPAY,BUYSELLBACKFASSETREC,CASHEQUIBEGINNING,CASHEQUIENDING,CASHEQUIENDINGBALANCE,CASHEQUIENDINGOTHER,COMBINETYPE,COMPANYCODE,CURRENCY,DISPFILASSETREC,DISPOSALINVREC,DISPSUBSIDIARYREC,DIVIPROFITORINTPAY,EFFECTEXCHANGERATE,EMPLOYEEPAY,ENDDATE,FINAFLOWBALANCE,FINAFLOWINBALANCE,FINAFLOWINOTHER,FINAFLOWOTHER,FINAFLOWOUTBALANCE,FINAFLOWOUTOTHER,FIRSTNOTICEDATE,INTANDCOMMPAY,INTANDCOMMREC,INVFLOWINBALANCE,INVFLOWINOTHER,INVFLOWOTHER,INVFLOWOUTBALANCE,INVFLOWOUTOTHER,INVINCOMEREC,INVPAY,ISSUEBONDREC,LATESTNOTICEDATE,LOANREC,NETFINACASHFLOW,NETINVCASHFLOW,NETOPERATECASHFLOW,NICASHEQUI,NICASHEQUIBALANCE,NICASHEQUIOTHER,NILENDFUND,OPERATEFLOWBALANCE,OPERATEFLOWINBALANCE,OPERATEFLOWINOTHER,OPERATEFLOWOTHER,OPERATEFLOWOUTBALANCE,OPERATEFLOWOUTOTHER,OTHERFINAPAY,OTHERFINAREC,OTHERINVPAY,OTHERINVREC,OTHEROPERATEPAY,OTHEROPERATEREC,REPAYDEBTPAY,REPORTDATE,REPORTSOURCETYPE,REPORTTIMETYPE,STARTDATE,SUMFINAFLOWIN,SUMFINAFLOWOUT,SUMINVFLOWIN,SUMINVFLOWOUT,SUMOPERATEFLOWIN,SUMOPERATEFLOWOUT,TAXPAY,TAXRETURNREC,BUYSUBSIDIARYPAY,DISPSUBSIDIARYPAY,DIVIPAY,INDEMNITYPAY,INVCASHFLOWBALANCE,NDBUYSELLBACK,NDDEPOSITINCBANKFI,NDINSUREDDEPOSITINV,NDLENDFUND,NDSELLBUYBACK,NETRIPAY,NETRIREC,NETSELLBUYBACKFASSETPAY,NETSELLBUYBACKFASSETREC,NETTRADEFASSETPAY,NETTRADEFASSETREC,NIBUYSELLBACK,NIDEPOSIT,NIDEPOSITINCBANKFI,NIINSUREDDEPOSITINV,NIINSUREDPLEDGELOAN,NILOANADVANCES,NISELLBUYBACK,PREMIUMREC,AGENTTRADESECURITYPAY,AGENTTRADESECURITYREC,AGENTUWSECURITYREC,GETSUBSIDIARYPAY,INVCASHFLOWBALANCE,NDBORROWFUND,NDBUYBACKFUND,NDDIRECTINV,NDDISPSALEABLEFASSET,NDDISPTRADEFASSET,NDOTHERFINAINSTR,NDTRADESETTLEMENT,NIBORROWFUND,NIBUYBACKFUND,NIDIRECTINV,NIDISPSALEABLEFASSET,NIDISPTRADEFASSET,NIOTHERFINAINSTRU,NITRADESETTLEMENT,SUBSIDIARYACCEPT,SUBSIDIARYPAY,UWSECURITYREC
12961000000,11415000000,,5468000000,50809000000,53306000000,0,,合并,10009950,CNY,72000000,8.78997E+11,1432000000,8247000000,55000000,24131000000,2020-12-31,0,0,,,0,,2020-3-26,79246000000,,0,,,0,,1.42015E+11,1.23138E+12,,2021-3-26,35111000000,-36075000000,-2.47515E+11,2.86032E+11,2497000000,0,,,0,0,1213000000,,0,,1983000000,,,,28730000000,8622000000,365000000,2019-12-31,年度报告,年度报告,2019-1-1,48072000000,84147000000,1.02798E+12,1.2755E+12,6.22965E+11,3.36933E+11,11813000000,,,,14359000000,1.77215E+11,0,,,,,,1439000000,,73552000000,,,17837000000,,,,12824000000,32707000000,,,5.82469E+11,,,,,,,,,,,,,,,,,,,,,,
28945000000,12210000000,,,3.08024E+11,3.03466E+11,0,,合并,10009951,CNY,2506000000,1.53644E+12,2916000000,69926000000,1077000000,74456000000,2020-12-31,0,0,,,0,16608000000,2020-2-21,2.05262E+11,2.29656E+11,0,,,0,,1.83635E+11,2.06699E+12,6.77834E+11,2021-2-4,2.10907E+11,1.25077E+11,-3.80157E+11,2.49445E+11,-4558000000,0,,,0,0,2311000000,,0,1.37867E+11,5052000000,1026000000,,1451000000,1.50959E+11,1.42283E+11,6.64271E+11,2019-12-31,年度报告,年度报告,2019-1-1,9.18712E+11,7.93635E+11,1.72694E+12,2.1071E+12,1.52278E+12,1.27334E+12,77376000000,,396000000,,14691000000,2.22773E+11,0,342000000,19864000000,,10698000000,,4334000000,,37778000000,,,,,2.6902E+11,,43412000000,27501000000,3.74919E+11,23322000000,7.9257E+11,,,,,,,,,,,,,,,,,,,,,,
229000000,3475000000,,,38121000000,42546000000,0,,合并,10009954,CNY,61000000,2.74369E+11,3000000,12211000000,29000000,23532000000,2020-12-31,0,0,,,0,,2020-3-23,47924000000,,0,,,0,,61689000000,4.17465E+11,,2021-3-29,,-10544000000,-96855000000,1.11795E+11,4425000000,0,,,0,0,,,0,,1542000000,6515000000,954000000,,34180000000,4732000000,6750000000,2019-12-31,年度报告,年度报告,2019-1-1,9959000000,20503000000,3.36122E+11,4.32977E+11,3.67148E+11,2.55353E+11,12227000000,4000000,2943000000,,8602000000,1.24698E+11,0,,,,,,4190000000,,,3215000000,,,,,,9006000000,8140000000,,,3.53406E+11,,,,,,,,,,,,,,,,,,,,,,
326000000,5042000000,1460000000,,9005000000,11765000000,0,,合并,10009978,CNY,41000000,1.80152E+11,,2543000000,31000000,8685000000,2020-12-31,0,0,,,0,4546000000,2020-3-26,16708000000,,0,63000000,,0,,34926000000,2.90406E+11,,2021-3-25,,46263000000,-85636000000,42102000000,2760000000,0,,,0,0,,,0,,,,89000000,,3126000000,1315000000,,2019-12-31,年度报告,年度报告,2019-1-1,53352000000,7089000000,2.15182E+11,3.00818E+11,1.46322E+11,1.0422E+11,1583000000,18000000,,,42000000,73252000000,0,,,,,,824000000,,,53026000000,,,,,,4291000000,3821000000,,,1.40698E+11,,,,,,,,,,,,,,,,,,,,,,
2000000,717099884.6,,,18300386266,12979548590,0,,合并,10005565,CNY,80522606.36,79725037002,258830277.1,342720974,-1359789.53,867123068.7,2019-12-31,0,0,,,0,,2020-4-15,4238583689,,0,,,0,700080000,9217544909,1.23083E+11,,2020-4-15,,1125285026,-35044321429,28599558517,-5320837676,0,,,0,0,367597220.9,,0,189379732.4,,,,323000000,9029407309,1593011822,102750000,2019-12-31,年度报告,年度报告,2019-1-1,1570756000,445470974,89604934794,1.24649E+11,45552770524,16953212007,1033808339,4348555.41,,,49451872.74,1489106796,0,,,,,,56351200.72,,,1568756000,,,,,,5943786951,149297524.3,,,37644025975,,,,,,,,,,,,,,,,,,,,,,
,417362442.5,,,1867450977,1179568905,0,,合并,10002488,CNY,3569384455,62772367111,,495248491.9,1636635.71,2368691827,2019-12-31,0,0,,,0,,2020-4-30,2804703511,,0,,,0,,594232033.3,17317703939,,2020-10-28,614561211.9,5395955378,49606486642,-55691960728,-687882072.4,0,,,0,0,358212669.9,,0,488365489.8,9051357342,14618000000,50386187000,50791756425,1849994064,133069422,290000000,2019-12-31,更正公告,年度报告,2019-1-1,15232561212,9836605834,1.17728E+11,68121253381,17049499561,72741460289,1129883211,1691990.45,,,,8289476771,0,,,55797465648,,,12879768.27,,,,,,,,,,,,,16556525479,,,,,,,,,,,,,,,,,,,,,,
,5254000000,,,61601000000,76984000000,0,,合并,10009971,CNY,356000000,2.29888E+11,,8431000000,55000000,49841000000,2020-12-31,0,0,,,0,1205000000,2020-3-28,67826000000,,0,,,0,,41073000000,2.713E+11,,2021-3-24,,-15181000000,-6299000000,36808000000,15383000000,0,,,0,0,,,0,,119000000,,91000000,,98020000000,6191000000,8800000000,2019-12-31,年度报告,年度报告,2019-1-1,3374000000,18555000000,2.71317E+11,2.77616E+11,5.71017E+11,5.34209E+11,17399000000,,,,1791000000,2.92847E+11,0,,,3345000000,,,3140000000,,,3374000000,,,,,,,971000000,,,5.64826E+11,,,,,,,,,,,,,,,,,,,,,,
,282873629.3,,,32286006031,52909338432,0,,合并,10004822,CNY,4481718.75,3183216425,,3345205169,-25834417.85,3348995542,2019-12-31,0,0,,,0,,2020-4-25,1653730143,8923992776,0,,,0,,1464832263,,24351150827,2020-4-25,16146421601,-2064238472,4369656778,18343748513,20623332401,0,,,0,0,2019606656,,0,,,,,,8431254859,5676121742,39216605732,2019-12-31,年度报告,年度报告,2019-1-1,40497572428,42561810900,4652530407,282873629.3,39674358378,21330609864,2872310692,,,,,,,,,,,,,,,,,,,,,,,,,,,10111154524,,,0,500000000,,,,,,,,12943482681,,,,,,,106080299.7,
28509685.65,241069111.7,,,33936592219,39557712926,0,,合并,10004823,CNY,1524022.94,,,2508323447,1124965.79,2640101714,2019-12-31,0,0,,,0,,2020-4-25,2152827998,7554871316,0,,,0,,,,,2020-4-25,,-19448797688,-239545088.8,25308338518,5621120707,0,,,0,0,8975654473,,0,,5468350936,,,,9164429675,13974928118,11500632991,2019-12-31,年度报告,年度报告,2019-1-1,28509685.65,19477307374,1524022.94,241069111.7,42886590479,17578251960,470245492.5,,,,,,,,,,,,,,,,,,,,,,,,,,,5084286636,,,0,,,,,,,,4200000000,3096849937,,,,,,28509685.65,24702450.53,
13649432821,1084940938,,,99628861432,1.5207E+11,0,,合并,10004828,CNY,,219876653,,6112451842,275457557.9,6075556082,2020-12-31,0,0,,,0,321399137.7,2020-3-31,10203421099,21956299732,0,,,0,,2481577826,4872153654,1.34155E+11,2021-3-24,2708340497,35669120344,-3943473190,20440490713,52441595425,0,,,0,0,,,0,1.05989E+11,126035526.4,,63743660,12463723.62,16549385398,35870697171,1.08284E+11,2019-12-31,年度报告,年度报告,2019-1-1,1.50513E+11,1.14844E+11,2713918203,6657391393,1.85227E+11,1.64786E+11,3157019043,,,,,,,,,,,,,,,,,,,,,,,,,,,30325744921,,636553140.7,0,,,,,,,,5549110954,91524709754,,,,,,896883230.3,648000,
,326901979.2,,,38937006078,48127755021,0,,合并,10004829,CNY,13502642.54,8062253612,26972945.92,4182686985,31075039.21,3237591669,2020-12-31,0,0,,,0,9688947883,2020-3-28,1907696134,13488457218,0,,,0,,1189080688,11296088877,34538895200,2021-3-26,6020077939,-24218296769,-2331180968,35709151640,9190748943,0,,,0,0,1602684352,,0,5849795423,,,,,8715161648,2002332013,50905635040,2019-12-31,年度报告,年度报告,2019-1-1,40558973139,64777269908,9291809889,11622990856,60414440489,24705288848,1332026961,,,,,,,,,,,,,,,,,,,,,,,,,,,9711511843,,,0,,,,,,,,441263000,33168192063,,,,,,,121461819.8,
,92298841,,,14853884395,18136083250,0,,合并,10004835,CNY,14392638,,,678943990,3324665,1006348680,2019-12-31,0,0,23125450000,,0,,2020-4-28,889406700,3408326886,0,35809256,,0,,8641520,,2000000000,2020-4-28,,-321007734,-358364342,3958246266,3282198855,0,,,0,0,393808730,,0,254321432,1118644,183634900,,100000000,4330933743,6120471759,24950030000,2019-12-31,年度报告,年度报告,2019-1-1,25309084900,25630092634,158843414,517207756,14473652550,10515406284,287892250,,,,,,,,,,,,,,,,,,,,,,,,,,,1771945639,,424908915,0,1170000000,1577842862,,,,,,,,,,2779099536,,,,,
,391645604.2,,,76492870890,96693724268,0,,合并,10005679,CNY,4390385.25,4956453328,232762203,6159375144,97019730.78,5415014596,2020-12-31,0,0,,,0,,2020-3-28,2798378947,17758369791,0,,,0,,4310538564,19169866426,50357400000,2021-3-30,1636770789,-9976870847,-10128228739,40208933234,20200853378,0,,,0,0,,,0,,10998791849,17415530000,,,9337841935,3237975612,62228404642,2019-12-31,年度报告,年度报告,2019-1-1,69409700789,79386571636,9504144480,19632373220,79956698294,39747765060,4010505401,,,,,,,,,,,,,,,,,,,,,,,,,,,21068425517,117000000,70861189.7,0,8643824572,,,,,,,,25253596608,,,12521330765,,,,7660480.13,
685033.27,179405884.5,,,30029283659,37266948754,0,,合并,10005685,CNY,712700.41,198795281.1,,1035846142,9247580.68,2077146945,2019-12-31,0,0,,,0,,2020-4-29,1209587438,6868903446,0,,,0,,392249239.6,112030598.2,20398080000,2020-4-29,,4206302007,300320738.5,2721794769,7237665095,0,,,0,0,,,0,540305329.7,1660000,,,,5025789937,1207694123,15154956884,2019-12-31,年度报告,年度报告,2019-1-1,20398765033,16192463026,591757221.1,291436482.7,16861162364,14139367595,826142714.3,,,,,,,,,,,,,,,,,,,,,,,,,,,5938570185,,,0,,,,,,,,760000000,2085994610,,,,,,685033.27,5264727.4,
35389467.02,249410085.2,,,13785795977,16335989722,0,,合并,10002547,CNY,6202594.27,2926331494,,995584829.3,17129806.38,1154013017,2019-12-31,0,0,,,0,,2020-4-30,892336493.2,3644525155,0,,,0,,832996482,683759158.7,13149620464,2020-4-30,,-1763499552,2832361327,1464202163,2550193745,0,,,0,0,1022377380,,0,,1579784653,,,,941552978.6,254250567.1,12373140000,2019-12-31,年度报告,年度报告,2019-1-1,13185009931,14948509482,3765530571,933169243.9,8385553164,6921351001,189165277.5,,,,,,,,,,,,,,,,,,,,,,,,,,,2564400062,,,0,,1488223248,,,,,,900000000,,,,,,,35389467.02,,
,241337536.7,,,61170650432,74339314719,0,,合并,10004774,CNY,,,,7009832924,219040528.6,4443546918,2020-12-31,0,0,,,0,,2020-3-28,3915393729,15288278902,0,,,0,,2422525187,3982079523,1.09285E+11,2021-3-27,1447533552,4760169419,-1799098396,9988552736,13168664288,0,,,0,0,,,0,30818846812,663954452.6,,,1793476.9,6967783684,6236350085,98298416756,2019-12-31,年度报告,年度报告,2019-1-1,1.10732E+11,1.05972E+11,2424318664,4223417060,71031654950,61043102215,2887996182,,,,,,,,,,,,,,,,,,,,,,,,,,,12468003623,,,0,,,,,,,,3500000000,33539022341,,,,,,,20880000,
,89213680.53,,,12468205556,14849783503,0,,合并,10004880,CNY,612185.58,2159414,,338017781.5,402293.71,965259453.7,2019-12-31,0,0,,,0,,2020-4-2,736016441.5,2565420962,0,,,0,,943588.9,,412670000,2020-4-2,,-530679781.5,-85732043.84,2997587479,2381577947,0,,,0,0,8291631209,,0,,49860000,37488000,233551.79,,1854722185,1937107916,592960000,2019-12-31,年度报告,年度报告,2019-1-1,450158000,980837781.5,3715188.48,89447232.32,14994890128,11997302649,470120951.7,,,,,,,,,,,,,,,,,,,,,,,,,,,2200730041,,,0,600000000,6535234493,,,,,,,,,,,,,,,
,428597523.2,,,1.39996E+11,1.77823E+11,0,,合并,10002269,CNY,,15861873058,-78522543.59,10321723540,-238522490.5,9754885247,2020-12-31,0,0,,,0,,2020-3-20,7988149276,31243412368,0,,,0,,1269043170,382166666.7,1.02389E+11,2021-3-19,15408410974,-158780847.1,16247526144,21976368919,37826591725,0,,,0,0,,,0,,1043343582,74766051,,5896648.67,16597786024,18562420020,1.06666E+11,2019-12-31,年度报告,年度报告,2019-1-1,1.17872E+11,1.18031E+11,17058290333,810764189.9,1.35487E+11,1.1351E+11,6648465359,,,,,,,,,,,,,,,,,,,,,,,,,,,25442481379,,,0,-13809000000,,,,72555112259,,,,60238372004,,,,,,,188063725,
,92574045.19,,,14761488369,16204633972,0,,合并,10002333,CNY,611929.34,1621048599,,432188175.5,9878575.35,1666656397,2019-12-31,0,0,,,0,,2020-4-2,602126127.4,4158176589,0,,,0,,250678225.8,800000000,6912010000,2020-4-2,314478650,2327742624,979760567.6,-1874236165,1443145603,0,,,0,0,1436402086,,0,,,,4141.44,,1143137117,1036301056,4466557850,2019-12-31,年度报告,年度报告,2019-1-1,7226488650,4898746026,1872338754,892578186.6,8945987070,10820223235,594654869.8,,,,,,,,,,,,,,,,,,,,,,,,,,,1896158334,,,0,3950000000,,,,,,,,418949004.9,,,,,,,,
92197500,78318266.87,,,15824031284,21305468663,0,,合并,10004790,CNY,1566804.11,2351356745,,1874034403,18003066.53,1275500805,2019-12-31,0,0,,,0,,2020-4-25,1000547773,4984535003,0,,,0,,706765882,2303024223,8225812500,2020-4-25,22606157576,3647710227,678346412.1,1137377674,5481437379,0,,,0,0,,,0,6430274941,4247945.83,,,,8632103439,2140035345,25398175000,2019-12-31,年度报告,年度报告,2019-1-1,30924167576,27276457349,3059689431,2381343019,23789369960,22651992287,815845358,,,,,,,,,,,,,,,,,,,,,,,,,,,5914270315,,529.26,0,30000000,,,,,,,,10750529297,,,,,,92197500,1551748.82,
2060918907,2606058442,,,1.06545E+11,1.23829E+11,0,,合并,10004281,CNY,45385108.77,20212436935,,13999606811,426218144.8,6207583509,2020-12-31,0,0,,,0,,2020-3-27,5509144088,25293223635,0,,,0,,2000542606,18600321006,1.33305E+11,2021-3-31,24082502129,-6851310844,1051985201,22657777759,17284670261,0,,,0,0,,,0,,819956638.9,,,,28914102075,15357700111,1.51481E+11,2019-12-31,年度报告,年度报告,2019-1-1,1.59449E+11,1.663E+11,22258364649,21206379448,99472517814,76814740055,4403899382,,,,,,,,,,,,,,,,,,,,,,,,,,,15560147699,,,0,,,,,27376106927,,,5821878206,37439568162,,,,,,2060918907,373120669.2,
,98745386.75,-1893105105,,12716978221,19721192673,0,,合并,10005609,CNY,183838,2538817756,,1247152017,2752287.7,1219628400,2019-12-31,0,0,,,0,,2020-4-10,784429432,3405057967,0,,,0,,483090388.6,3060375296,22636750000,2020-4-10,,-681712017.2,-144953150.1,7828127332,7004214452,0,,,0,0,,,0,,20071310000,,17673449.24,9749000,6230769658,6373589168,2000000000,2019-12-31,年度报告,年度报告,2019-1-1,22636750000,23318462017,3031840982,3176794132,11545970391,3717843060,375363979.3,,,,,,,,,,,,,,,,,,,,,,,,,,,2760737273,,,0,,,,,-5674632092,,,2400000000,-3393414016,,,,,,,,
,122389633.7,,,4696826488,6696731514,0,,合并,10005633,CNY,-389205.07,255241000,,527176766.7,644769.37,702494088.8,2020-12-31,0,0,,,0,,2020-3-6,434152580.2,1995769778,0,,,0,,35160159.08,3000000,2057470000,2021-3-16,5157505000,-709992744.5,166231270.4,2543021731,1999905027,0,,,0,0,,,0,-2414447289,37077777.78,4566800,,1608950,434912826.6,170842911.5,7365280000,2019-12-31,年度报告,年度报告,2019-1-1,7219541800,7929534544,291620904,125389633.7,2629147751,86126019.9,245534710.1,,,,,,,,,,,,,,,,,,,,,,,,,,,1660663765,,,0,,,,,,,,450000000,-1648128704,,,,,,,,
,66144152.22,,2335851119,17587235445,19574313688,0,,合并,10005647,CNY,11369218.48,77086305.45,,1640707288,70396909.39,1277676805,2020-12-31,0,0,,,0,,2020-3-30,1107577661,4640739525,0,,,0,,53172406.59,65000000,22111360755,2021-3-30,17785644210,-2876751839,10483778.3,4782949395,1987078243,0,,,0,0,,,0,4141555295,,,,,775265747.4,168836320.2,41133049516,2019-12-31,年度报告,年度报告,2019-1-1,39897004965,42773756804,141627930.5,131144152.2,14586569394,9803619999,520791232.4,,,,,,,,,,,,,,,,,,,,,,,,,,,3921850748,,,0,,,,,,,,100000000,3419291681,,,,,,,,
,106306920.4,,,10502678828,12586761019,0,,合并,10005659,CNY,117187.96,1252000000,,929511264.4,721699.74,959125185,2020-12-31,0,0,,,0,,2020-3-28,843096402.6,3002509711,0,,,0,,807844022.4,1783369416,2508430000,2021-3-20,,-1905381264,169732639.1,3819009116,2084082190,0,,,0,0,,,0,,,,813914.97,261679.81,1833982950,589952122.2,3484300000,2019-12-31,年度报告,年度报告,2019-1-1,2508430000,4413811264,2060222890,1890490251,10443444131,6624435015,357724795.7,,,,,,,,,,,,,,,,,,,,,,,,,,,2914105813,,,0,1210000000,,,,,,,,3523835294,,,413041191.3,,,,23762410.47,
32287856,44945030.28,,5008614189,5508812026,7683589089,0,,合并,10062057,CNY,135440.67,1107390927,32400474.04,616605638.5,245702.35,721126390.6,2019-12-31,0,0,,,0,,2020-4-30,500614500.6,1418506301,0,,,0,,275334714.7,70083627.32,2893100000,2020-4-30,,-3824957801,1300232899,4699256263,2174777063,0,,,0,0,84769846.69,,0,,,,,,458309112.8,82572345.32,6133740019,2019-12-31,年度报告,年度报告,2019-1-1,2925387856,6750345657,1415261557,115028657.6,16271227858,11571971595,95997842.82,,,,,,,,,,,,,,,,,,,,,,,,,,,1624766585,,,0,465000000,9330923749,,,,,,,,,,8051998592,,,32287856,,
1367072496,97710011.8,,,14287755796,20803641237,0,,合并,10005840,CNY,112326.22,,3249678524,2701696191,-3697481.84,1338767618,2020-12-31,0,0,,,0,,2020-2-29,1359794422,5073301646,0,,,0,,213119494.8,3669730944,,2021-3-20,36284924245,2643974476,494075007.6,3381533440,6515885441,0,,,0,0,8122999947,,0,36941556306,3654165650,2894800000,,,5165397676,37592748983,31546960424,2019-12-31,年度报告,年度报告,2019-1-1,40546796741,37902822265,3462910345,2968835337,58474300383,55092766943,914961441.8,3898664.68,,,,,,,,,,,,,,,,,,,,,,,,,,1992593686,,-798605619.2,0,4300000000,4714897763,,,,,,5688757456,,,,,,,1367072496,122205330.7,
,224222621.9,,,6218667719,8154348020,0,,合并,10194966,CNY,173338.72,2108109297,,366376941.4,352836.26,897983312.7,2019-12-31,0,0,,,0,,2020-4-30,462026803.7,2257562525,0,,,0,,130586350.7,795776631.4,5307724596,2020-4-30,,-1705320765,1218849733,2421798497,1935680301,0,,,0,0,,,0,686629855.3,,60000000,,,1318657286,376529884.2,6706668420,2019-12-31,年度报告,年度报告,2019-1-1,5367724596,7073045361,2238868986,1020019253,9439853283,7018054786,220790776.1,461475.66,,,,,,,,,,,,,,,,,,,,,,,,,,2260472276,,20000,0,,1137653202,,,,,,5000000,,,,4539827122,,,,,
,156335774.6,,,9915646515,14365918644,0,,合并,10004819,CNY,851390.58,,,506500054.2,454323.94,689393504.3,2020-12-31,0,0,,,0,,2020-3-30,927578361.1,3230563399,0,,,0,,14174119.73,277983986.1,7191793000,2021-3-31,,1263552705,-419294250.4,3605559351,4450272129,0,,,0,0,2208368663,,0,957003816.5,21700000,,,,594664209.1,20229573.58,5400040241,2019-12-31,年度报告,年度报告,2019-1-1,7191793000,5928240295,15025510.31,434319760.7,9554100655,5948541304,376990524.2,,,,,,,,,,,,,,,,,,,,,,,,,,,4094939019,,,0,,909476197,,,,,,,,,,,,,,,
7711818752,1782708397,,,1.06021E+11,1.31965E+11,0,,合并,10004865,CNY,13693505,57310732072,85512178,8022217802,688771604,6967906512,2020-12-31,0,0,,,0,318920013,2020-3-25,5171107733,27214135080,0,47882838,,0,,3615193760,82415899595,62278166360,2021-3-26,55252470965,11984960353,-23125593639,36396109791,25944248109,0,,,0,0,9738142966,,0,45200033605,663308757,,,,16368977516,20925589858,1.04253E+11,2019-12-31,年度报告,年度报告,2019-1-1,1.25242E+11,1.13257E+11,61073014353,84198607992,1.34516E+11,98119617455,4613145700,,,,,,,,,,,,,,,,,,,,,,,,,,,16562661397,,,0,674603422,,,,,,,,60075197945,,,,,,,1691430237,
,70706052.4,,,11210985244,13148321941,0,,合并,10120316,CNY,1876179.89,,,1656403758,5351433.66,1336644242,2019-12-31,0,0,,,0,,2020-4-30,1053887400,4995181889,0,,,0,,1445799890,884943544.3,19857838670,2020-4-30,1658229506,1524682216,136503473,270799574.8,1937336697,0,,,0,0,,,0,,,,348923000,,1297089402,358978473.4,18334982201,2019-12-31,年度报告,年度报告,2019-1-1,21516068176,19991385960,1447676070,1311172597,12025216423,11754416848,493730632.8,,,,,,,,,,,,,,,,,,,,,,,,,,,3266478508,,6600000,0,1950000000,,,,477669751.5,,,,1462921048,,,1941656505,,,,,
1530000,298154342,,,46079670480,61940172287,0,,合并,10004846,CNY,2952542.13,539586177.2,,4269628094,131459997.9,3302787091,2020-12-31,0,0,,,0,321919988.7,2020-3-28,2280875220,7715338408,0,688166542.2,,0,9154065791,3945878627,449465000,66746196248,2021-3-31,3375435647,10069109127,-4725101245,10385033927,15860501806,0,,,0,0,5425385864,,0,6039576587,,,,,12437241810,10035342904,55462504686,2019-12-31,年度报告,年度报告,2019-1-1,70123161896,60054052769,5176583888,9901685133,42667564679,32282530752,672409349.7,,,,,,,,,,,,,,,,,,,,,,,,,,,8120113672,,,0,4642408578,,,,,,,,11371383830,,,,,,1530000,23086249.83,
130410000,70103443.74,,,6738017907,8667906506,0,,合并,10004838,CNY,956742.84,153460000,,412968400,468132.72,889761852.6,2020-12-31,0,0,,,0,,2020-3-31,494560987.5,2390206290,0,,,0,,60214383.78,67043384,500000000,2021-3-30,522500000,-457867881.7,77484298.88,2309804049,1929888599,0,,,0,0,-1445092731,,0,70295140.97,360834667.7,434870000,,,1330446765,708212864.9,1271844814,2019-12-31,年度报告,年度报告,2019-1-1,1587780000,2045647882,214631126.6,137146827.7,5330795986,3020991938,235927191.8,,,,,,,,,,,,,,,,,,,,,,,,,,,2270996749,,,0,,,,,,,,-1500000000,2906472814,,,,,,130410000,15453538.96,
,432173707.5,,,41784495855,59588272169,0,,合并,10004769,CNY,1737729.7,233288080.8,,4059010185,33056198.82,3901444776,2019-12-31,0,0,,,0,,2020-3-20,2567850231,13248513435,0,,,0,,15855098.4,,64345552000,2020-3-20,1012978274,-10689801102,-181292798.6,28641814016,17803776314,0,,,0,0,13489566712,,0,2702911037,14700000,,,,5152466458,4726904150,71974621191,2019-12-31,年度报告,年度报告,2019-1-1,65358530274,76048331375,250880908.9,432173707.5,52973981699,24332167683,2052771778,,,,,,,,,,,,,,,,,,,,,,,,,,,14122563847,,,0,,,,,,,,1300000000,6086433555,,,,,,,4779276.36,
,106172196.3,,125274805.3,14549217938,19856130280,0,,合并,10004930,CNY,5294985.31,12233487.07,,1092515544,921536.31,1326562057,2020-12-31,0,0,,,0,,2020-3-19,532290353.3,4645794589,0,,,0,,,,22309810000,2021-3-18,10779811.08,4988411840,-88643723.95,406222689.1,5306912341,0,,,0,0,,,0,,2042615.64,,,,5349515917,5119456627,16237619811,2019-12-31,年度报告,年度报告,2019-1-1,22320589811,17332177971,17528472.38,106172196.3,13450091839,13043869150,497289878.5,,,,,,,,,,,,,,,,,,,,,,,,,,,3559565819,,,0,130000000,2061162158,,,266574607.8,,,,,,,,,,,,
,528395495.2,,,53484241796,70916867150,0,,合并,10004876,CNY,21590127.58,,,5099185680,97524620.58,4019943438,2020-12-31,0,0,41715031321,,0,1728944689,2020-3-28,2538511115,17581896655,0,1487252324,,0,14457399264,2071075678,1276264865,,2021-3-30,553529537.1,-11188379921,-12812101422,41335582076,17432625353,0,,,0,0,,,0,11518160833,264596211.9,,10495137408,10365177480,15346923228,5759120624,46364214199,2019-12-31,年度报告,年度报告,2019-1-1,42268560858,53456940779,13945095608,26757197031,89347442969,48011860893,2312546769,,,,,,,,,,,,,,,,,,,,,,,,,,,23811739876,,,0,,,,,,,,6170000000,36024685815,,,,,,,,
,105167749.4,,,9602115554,11805475727,0,,合并,10004941,CNY,41811328.73,,,651455777.9,-2411060.48,748006626.6,2020-12-31,0,0,,,0,,2020-4-23,565340715.5,1916877772,0,,,0,,103301122.3,126399963.5,8525253892,2021-3-31,3740032224,-1196113476,-86455261.88,3488339971,2203360172,0,,,0,0,5680048335,,0,1770935074,584905867.8,,,,1214320341,775420722.9,12225037947,2019-12-31,年度报告,年度报告,2019-1-1,12265286117,13461399592,145112451,231567712.9,10826353785,7338013814,314710691.3,,,,,,,,,,,,,,,,,,,,,,,,,,,2334006955,,,0,,1439852974,,,,,,120000000,,,,,,,,33927012.2,
7690711693,222871019.5,,,97308344182,1.0759E+11,0,,合并,10004830,CNY,9876918.42,,,5103433016,202521942.2,5052478895,2020-12-31,0,0,,,0,314762486.6,2020-3-28,4184630906,16485949725,0,,,0,,3288775070,10676624542,79589765002,2021-3-31,1160306944,7564483106,-7600843573,10115907964,10282069439,0,,,0,0,,,0,,,,,,16278426681,12055162094,75458105030,2019-12-31,年度报告,年度报告,2019-1-1,88440783639,80876300533,3298651989,10899495562,66698016267,56582108302,2593539438,,,,,,,,,,,,,,,,,,,,,,,,,,,16777679329,,,0,728794477,,,,19183493661,,,,21379225119,,,,,,,6755443.39,
230650000,89491225.76,,,845366480,540419922.6,0,,合并,10106348,CNY,47185,818193866.2,,16984557.73,2423745.81,60975871.71,2020-12-31,0,0,,,0,,2020-3-10,,315577435.3,0,,,0,,1892174.24,812660214.5,,2021-3-31,105000000,331864043.1,-82329804.48,-556904541.8,-304946557.4,0,,,0,0,,,0,,24046892.22,55005493,688000,376410.35,2946458592,2258059100,17760000,2019-12-31,年度报告,年度报告,2019-1-1,390655493,58791449.95,820509635.8,902839440.3,2573636536,3130541077,40313844.17,,,,,,,,,,,,,,,,,,,,,,,,,,,,,,0,,,,,,,,,,,,,,,,,
0,101330074.8,,,14339808736,19000705113,0,,合并,10004804,CNY,494735,17524963326,0,590836652.7,463860.92,1168028413,2019-12-31,0,0,,,0,,2020-3-31,830868226.3,3702484936,0,,,0,,426906376.3,21535821425,21537500000,2020-3-31,0,7037652295,-3684787062,1307567284,4660896377,0,,,0,0,500000000,,0,7849222846,22460052.53,0,0,0,1802185884,247585329.5,13886551000,2019-12-31,年度报告,年度报告,2019-1-1,21537500000,14499847705,17952364437,21637151499,16812935755,15505368471,613350104.6,,,,,,,,,,,,,,,,,,,,,,,,,,0,4817961093,,0,0,350000000,0,,,,,,0,7544904396,,,,,,0,0,
304649056.6,71199644.37,,,1361206882,2058240898,0,,合并,10095670,CNY,34128.14,695519993.6,,50815928.6,36589756.34,239399446.6,2020-12-31,0,0,,,0,,2020-3-14,24922081.07,304771615.2,0,,,0,,20011964.36,808502738.9,,2021-3-16,756798229.4,568296610.3,-257524211.6,349671860.9,697034015.9,0,,,-0.01,0,9940998902,,0,10392701142,22334747.17,,6874908400,6781520485,576051031.2,1578919376,420000000,2019-12-31,年度报告,年度报告,2019-1-1,1061447286,493150675.8,7497086572,7754610783,11850758816,11501086955,76885198.23,2344641.38,,,,,,,,,,,,,,,,,,,,,,,,,6111267.35,23724280.34,,,0,,,,,,,,,,,,,,,,,
,244197194.8,,,11579567328,14969235935,0,,合并,10053660,CNY,889556.18,5912893.62,,1291111789,23872736.07,1154214472,2019-12-31,0,0,,,0,,2020-4-25,607976537.6,4513373835,0,,,0,,99135233.15,101500000,17427770000,2020-4-25,681703800,-3060014521,-239759511.9,6665569904,3389668607,0,,,0,0,3702315813,,0,,4580231.76,,,,4031243231,121077368.2,19873796300,2019-12-31,年度报告,年度报告,2019-1-1,18109473800,21169488321,105937683,345697194.8,18312806817,11647236913,239375258.9,,,,,,,,,,,,,,,,,,,,,,,,,,,3844180423,,,0,,,,,,,,550000000,5581859378,,,,,,,,
1166540000,167844084.9,,,9031882924,10740413953,0,,合并,10004866,CNY,,2757960461,23147293.9,895233905.9,1210063.38,1250779101,2019-12-31,0,0,,,0,,2020-4-28,604258346.5,3132560803,0,,,0,,162645878,2819186697,5146100000,2020-4-28,9108500000,5219076334,-566590316,-2945165051,1708531030,0,,,0,0,,,0,-697375924.8,2144129760,,931269515.8,407956348.9,3249952609,1460891182,7162700000,2019-12-31,年度报告,年度报告,2019-1-1,15421140000,10202063666,3351709982,3918300298,5484342885,8429507936,358296525.3,,,,,,,,,,,,,,,,,,,,,,,,,,,984914894.9,,,0,,,,,,,,,-94023994.39,,,,,,1166540000,21180206.71,
,151438795.3,,,30813274516,36994295233,0,,合并,10004894,CNY,3354450.14,,,2601777563,50017080.61,3053259150,2019-12-31,0,0,,,0,,2020-4-28,2143711953,10010663784,0,,,0,,1138771707,238788364,22115979675,2020-6-2,2804172645,-5734139513,724076940.6,11141066210,6181020718,0,,,0,0,6842078576,,0,4762533976,101457748.6,,27822057.05,,6651007719,6514891580,27951056522,2019-12-31,上市公告书,年度报告,2019-1-1,24920152320,30654291834,1142126157,418049216.3,31772699183,20631632974,1068469017,,,,,,,,,,,,,,,,,,,,,,,,,,,7835939191,,,0,,,,,,,,14019902.98,555106149.6,,,,,,,25689426.65,
938258800,40756519.43,,,4454869108,7078084509,0,,合并,10004839,CNY,119034.88,6165970000,,129072072.7,316809.72,346207932.6,2020-12-31,0,0,,,0,993750000,2020-4-20,290623745,941389648.4,0,,,0,,40004495.87,6905586040,,2021-3-31,1646600000,1462036727,-740249028.7,1901110892,2623215400,0,,,0,0,,,0,2567836470,,,,,243892726.1,55105836.2,,2019-12-31,年度报告,年度报告,2019-1-1,2584858800,1122822073,6206093531,6946342559,5503574694,3602463802,74347274.06,,,,,,,,,,,,,,,,,,,,,,,,,,,1820268434,271856300,,0,,,,,,,,12000000,2402954475,,,,,,,,
,84679842,,,9001741711,12250832443,0,,合并,10004787,CNY,696122.74,6353900595,,412261593.8,6044149.79,507011779.5,2020-12-31,0,0,,,0,77026218.71,2020-3-3,211311592.4,1746181759,0,,,0,,15747534.34,6230115102,2660000000,2021-3-19,,-609287812.5,55549307.88,3796785087,3249090732,0,,,0,0,,,0,5008527730,,,,,165306477.6,119299011,2780000000,2019-12-31,年度报告,年度报告,2019-1-1,2660000000,3269287813,6370344252,6314794944,11598201072,7801415985,249956904.6,,,,,,,,,,,,,,,,,,,,,,,,,,,2617712000,,,0,,,,,,,,200000000,6915008302,,,,,,,,
,119781998.9,,,7841558318,11693039910,0,,合并,10004807,CNY,,9232845.99,,448180528.1,582528.04,570174637,2019-12-31,0,0,,,0,,2020-4-2,426945307.3,2360024742,0,,,0,,,80000000,6565910000,2020-4-2,,3068756592,-190415457.7,972557930.4,3851481593,0,,,0,0,,,0,6744190700,25472880.11,,,133695.2,451696854.4,41124934.53,3023500000,2019-12-31,年度报告,年度报告,2019-1-1,6565910000,3497153408,9366541.19,199781998.9,10722163434,9749605504,338282637.2,,,,,,,,,,,,,,,,,,,,,,,,,,,3018467186,,,0,,,,,,,,,4602554582,,,699991990.4,,,,1470000,
5008350000,290266264.7,,,50525772233,99618730995,0,,合并,10066493,CNY,,29306771.47,,4653826254,63611536.23,4316463723,2020-12-31,0,0,,,0,,2020-3-27,2797511908,16623084970,0,,,0,,,2868984594,71444940000,2021-4-1,30711104186,15281975730,-2943449507,36690821003,49092958762,0,,,0,0,,,0,30939903691,386925414.3,,,186494579.5,5041312257,17258476171,86841666788,2019-12-31,年度报告,年度报告,2019-1-1,1.07164E+11,91882418456,215801350.9,3159250858,84331159356,47640338353,1872504731,,,,,,,,,,,,,,,,,,,,,,,,,,,19587150866,,,0,,,,,,,,5240000000,25622447349,,,,,,8350000,9646000,
250855745,156742340.9,,,10932851072,15248554822,0,,合并,10004837,CNY,169291.36,1558430663,,1026771670,1115425.5,1177339752,2019-12-31,0,0,,,0,,2020-4-21,941092331.4,3102855083,0,,,0,,184560145.2,,13083327486,2020-4-21,,5418004957,1586417759,-2689834391,4315703751,0,,,0,0,,,0,2040155042,,,,,1209435287,787573413.6,6889406604,2019-12-31,年度报告,年度报告,2019-1-1,13334183231,7916178274,1743160100,156742340.9,8341722569,11031556960,346299683.5,,,,,,,,,,,,,,,,,,,,,,,,,,,4451294073,,,0,1100000000,77807285.15,,,,,,,,,,,,,250855745,,
1232846792,106610183.9,,,3964853022,7365272338,0,,合并,10004813,CNY,123802.54,,,329066693,415926.45,428518989,2020-12-31,0,0,,,0,,2020-3-30,356243360.5,1083179172,0,,,0,,771506.85,80000000,10635008533,2021-4-1,3100000000,10652309700,-189723382.6,-7062582928,3400419316,0,,,0,0,,,0,1233045390,7548932.99,,4008508,,3212262676,1529728375,3978930000,2019-12-31,年度报告,年度报告,2019-1-1,14967855325,4315545626,895309.39,190618691.9,8054803717,15117386645,238490373,,,,,,,,,,,,,,,,,,,,,,,,,,,959324668.9,,,0,,,,,9648825857,,,,4482571501,,,,,,,,
,89189382.6,,,15464385421,20473131345,0,,合并,10004926,CNY,253435.18,13515221809,,688802101.9,10924714.91,892783548.3,2020-12-31,0,0,,,0,115721752,2020-3-26,857714490.9,3931780840,0,,,0,,173976685.3,13358382891,13080620000,2021-3-30,,-5573183854,241879655.4,10329125408,5008745924,0,,,0,0,405806187,,0,,8600000,,,,676306408.3,404143625.6,17840680000,2019-12-31,年度报告,年度报告,2019-1-1,13080620000,18653803854,13689451929,13447572274,15412325602,5083200195,441591978,,,,,,,,,,,,,,,,,,,,,,,,,,,4683269351,,,0,,,,,,,,300000000,5687325599,,,,,,,,
,490421396,,,59852499790,71548525555,0,,合并,10014783,CNY,1752207,45813119051,,4135124004,671205079,6384425493,2020-12-31,0,0,95849657003,,0,72745474652,2020-4-27,3054359349,14413091638,0,25251681,,0,,1005047284,39902385252,6500000000,2021-3-31,,21676871335,6452363575,-17104414224,11696025765,0,,,0,0,,,0,27524642880,36182940,,,,5874775052,14561202171,3224000000,2019-12-31,年度报告,年度报告,2019-1-1,1.0235E+11,80672785668,46845170223,40392806648,51331528285,68435942509,1516037086,,,,,,,,,,,,,,,,,,,,,,,,,,,7019714725,,,0,,18679329343,,,,,,15337519751,,,,,,,,,
