ASSETDEVALUELOSS,BASICEPS,CINCOMEBALANCE1,CINCOMEBALANCE2,COMBINETYPE,COMPANYCODE,CURRENCY,DILUTEDEPS,ENDDATE,EXCHANGEINCOME,FIRSTNOTICEDATE,FVALUEINCOME,INCOMETAX,INVESTINCOME,INVESTJOINTINCOME,ISLISTINGREPORT,LATESTNOTICEDATE,MINORITYCINCOME,MINORITYINCOME,NETPROFIT,NETPROFITBALANCE1,NETPROFITBALANCE2,NETPROFITOTHER1,NETPROFITOTHER2,NONOPERATEEXP,NONOPERATEREVE,OPERATEEXP,OPERATEEXPBALANCE,OPERATEEXPOTHER,OPERATEMANAGEEXP,OPERATEPROFIT,OPERATEPROFITBALANCE,OPERATEPROFITOTHER,OPERATEREVE,OPERATETAX,OTHERCINCOME,OTHEREXP,OTHERREVE,PARENTCINCOME,PARENTNETPROFIT,REPORTDATE,REPORTSOURCETYPE,REPORTTIMETYPE,REVEBALANCE,REVEOTHER,STARTDATE,SUMCINCOME,SUMPROFIT,SUMPROFITBALANCE,SUMPROFITOTHER,OTHERCINCOMECANTREC,REMEDEFINEDBENEFIT,INVESTEDCANTREC,CANTRECOTHER,CANTRECBALANCE,OTHERCINCOMEREC,INVESTEDREC,FVALUEOSALABLE,MATURITYRECSALABLE,EFFECTIVECAFLHEDGING,DIFFCONVERSIONFC,RECOTHER,RECBALANCE,OTHERCINCOMEOTHER,OTHERCINCOMEBALANCE,NONLASSETREVE,NONLASSETNETLOSS,PARENTOTHERCINCOME,PAROTHCINOTHER,PAROTHCINBALA,MINORITYOTHERCINCOME,FINDATATYPECODE,ADISPOSALINCOME,CONTINUOUSONPROFIT,TERMINATIONONPROFIT,MIOTHERINCOME,CREDDEVALUELOSS,OTHERRIGHT_FAIRVALUE_CHANGE,CREDITRISK_FAIRVALUE_CHANGE,CREDITOR_FAIRVALUE_CHANGE,FINANCE_OCI_AMT,CREDITOR_IMPAIRMENT_RESERVE,ACF_END_INCOME,AMORTISEDUTYRESERVE,AMORTISEINDEMNITYEXP,AMORTISERIEXP,BANKINTEXP,BANKINTNREVE,BANKINTREVE,COMMEXP,DUTYRESERVE,FINANCEEXP,INDEMNITYEXP,INSURREVE,INTEXP,NINSURCOMMEXP,NINSURCOMMNREVE,NINSURCOMMREVE,POLICYDIVIEXP,PREMIUMEARNED,PREMIUMEARNEDBALANCE,RIEXP,RIPREMIUM,RIREVE,SURRENDERPREMIUM,UNDUERESERVE,AGENTTRADESECURITY,CLIENTASSETMANAGE,COMMNREVE,COMMNREVEOTHER,FINACONSULT,FUNDMANAGE,FUNDSALE,INTNREVE,SECURITYBROKER,SECURITYUW,SPONSOR,BROKER_FEE_NI,INVESTBANK_FEE_NI,ASSETMANAGE_FEE_NI
8062000000,2.05,,,合并,10009950,CNY,2.05,2020-12-31,-67000000,2020-3-26,14419000000,781000000,1.6248E+11,9159000000,1,2021-3-26,792000000,727000000,59014000000,,,,,335000000,140000000,6.85175E+11,0,4.58616E+11,42008000000,59990000000,0,,7.45165E+11,951000000,34912000000,21486000000,7947000000,93134000000,58287000000,2019-12-31,年度报告,年度报告,0,,2019-1-1,93926000000,59795000000,0,,-76000000,,-76000000,,,34923000000,687000000,52099000000,-14641000000,,230000000,,,,,,,34847000000,,,65000000,2,6000000,59014000000,,102000000,,,,,-3452000000,,,-721000000,-3704000000,-570000000,,,,81396000000,3.35122E+11,,1.27919E+11,5.67086E+11,,,,,22375000000,5.60278E+11,,,5238000000,5000000,50851000000,1570000000,,,,,,,,,,,,,,
,8.41,,,合并,10009951,CNY,8.38,2020-12-31,779000000,2020-2-21,44091000000,20374000000,77497000000,23224000000,1,2021-2-4,15671000000,14958000000,1.64365E+11,,,,,716000000,427000000,9.83839E+11,0,5.22782E+11,1.72892E+11,1.85028E+11,0,,1.16887E+12,4272000000,9232000000,65439000000,60172000000,1.57926E+11,1.49407E+11,2019-12-31,年度报告,年度报告,0,99991000000,2019-1-1,1.73597E+11,1.84739E+11,0,,5890000000,,1697000000,-3006000000,,2629000000,204000000,,,,469000000,1956000000,,,,,,8519000000,,,713000000,2,105000000,1.64365E+11,,3036000000,65270000000,7199000000,,,,,45000000,-107000000,-11263000000,-7572000000,86434000000,90187000000,1.76621E+11,1.14753E+11,2.87028E+11,,2.2503E+11,7.95064E+11,,10570000000,44230000000,54800000000,19329000000,7.48779E+11,,13000000,21370000000,115000000,26661000000,24915000000,,,,,,,,,,,,,,
2454000000,3.06,,,合并,10009954,CNY,3.06,2020-12-31,56000000,2020-3-23,801000000,-388000000,67762000000,494000000,1,2021-3-29,802000000,613000000,28354000000,,,,,183000000,82000000,3.57422E+11,0,2.38911E+11,45439000000,28067000000,0,,3.85489E+11,882000000,10346000000,4454000000,3484000000,37898000000,27741000000,2019-12-31,年度报告,年度报告,0,,2019-1-1,38700000000,27966000000,0,,,,,,,10346000000,,13716000000,,,13000000,-3383000000,,,,,,10346000000,,,,2,15000000,28354000000,,125000000,,,,,,,,-1490000000,-10858000000,-7418000000,,,,46853000000,1.22776E+11,,1.28541E+11,3.47517E+11,3511000000,,,,10777000000,3.13246E+11,,455000000,22358000000,998000000,11104000000,11913000000,,,,,,,,,,,,,,
2036000000,4.67,,,合并,10009978,CNY,4.67,2020-12-31,40000000,2020-3-26,2647000000,-1339000000,35729000000,502000000,1,2021-3-25,1000000,1000000,14560000000,,,,,136000000,71000000,1.6128E+11,0,1.12938E+11,13783000000,13286000000,0,,1.74566E+11,192000000,6751000000,3174000000,682000000,21310000000,14559000000,2019-12-31,年度报告,年度报告,0,,2019-1-1,21311000000,13221000000,0,,,,,,,6751000000,-60000000,16357000000,,,6000000,-7286000000,,,,,,6751000000,,,,2,-1000000,14560000000,,66000000,,,,-2266000000,,,,-399000000,-1045000000,-746000000,,,,16871000000,53734000000,,60648000000,1.38131E+11,,,,,42000000,1.35403E+11,,,2427000000,,12990000000,301000000,,,,,,,,,,,,,,
678454331.4,0.36,,,合并,10005565,CNY,0.36,2019-12-31,-1522673.94,2020-4-15,-894954.08,714890775.6,10549700385,148890819.7,1,2020-4-15,1725052624,1142617858,2918553069,,,,,16171823.89,218746663.8,46761215318,0,29855256539,2116459260,3430869005,0,,50192084322,63938396.54,1188642380,3282135895,2059540037,2382142825,1775935211,2019-12-31,年度报告,年度报告,0,,2019-1-1,4107195449,3633443845,0,,,,,,,606207613.7,24664924.11,544698545.4,,,,36844144.24,,,,,,606207613.7,,,582434766.1,2,1589483.13,2918553069,,7617844.35,,,,,,,,14557112116,-75028980.69,-8814193.92,,,,3532122119,28504610422,,1442215946,37695972551,,,,,31830421.47,37576054202,,,127214181.4,,7209832549,-7295831.63,,,,,,,,,,,,,,
,-1.7519,,,合并,10002488,CNY,-1.7519,2019-12-31,1636635.71,2020-4-30,940285230,458039725.6,-3261208002,978681913.3,1,2020-10-28,-1419067339,-1337706773,-3252670688,,,,,552545082,50449570.51,19312165980,0,7970418364,4168971788,-2292535451,0,,17019630529,194736147.9,111636649.8,1519252110,524223959.8,-1721966699,-1914963915,2019-12-31,更正公告,年度报告,0,,2019-1-1,-3141034038,-2794630962,0,,269576622.3,,3265849.75,,,-76579406.11,-56127382.41,,,,,7279615.98,,,,,,192997216.2,,,-81360566.33,2,-121932.53,-3252670688,,10237896.71,-24665507.81,266310772.5,,-12837273.79,,-14894365.89,,14166175.4,-205683059.5,-129207985.4,,4307007710,4307007710,2791275845,-370418262.2,861734.19,8373048778,15632049843,2816738296,,,,,14497569031,,3785188.21,456478190,13921739.84,,678002622.4,,,,,,,,,,,,,,
2068000000,0.51,,,合并,10009971,CNY,0.51,2020-12-31,173000000,2020-3-28,527000000,-1915000000,49722000000,12566000000,1,2021-3-24,13302000000,9294000000,31695000000,,,,,388000000,372000000,5.25719E+11,0,3.12487E+11,92455000000,29796000000,0,,5.55515E+11,2117000000,15711000000,7962000000,3270000000,34104000000,22401000000,2019-12-31,年度报告,年度报告,0,,2019-1-1,47406000000,29780000000,0,,-80000000,-81000000,1000000,,,11783000000,156000000,11482000000,,,22000000,123000000,,,,,,11703000000,,,4008000000,2,73000000,31695000000,,327000000,,,,,,,,-1560000000,-21482000000,-9871000000,,,,66448000000,40566000000,,2.95909E+11,5.55271E+11,,,,,1975000000,5.01423E+11,,733000000,35342000000,2845000000,49345000000,18506000000,,,,,,,,,,,,,,
,0.26,,,合并,10004822,CNY,0.26,2019-12-31,-25834417.85,2020-4-25,1556529557,714250716.1,2600764747,62659898.99,1,2020-4-25,195347033.8,152755245.8,1915292415,,,,,33601446.87,2501685.77,11588892970,0,-2016638.57,6029349102,2660642892,0,,14249535861,59575467.11,396017162.6,4753034732,4743753713,2115962544,1762537169,2019-12-31,年度报告,年度报告,0,,2019-1-1,2311309577,2629543131,0,,88908045.54,,,,,264517329,-118907.53,,,,49750949.53,,,,,,,353425374.6,,,42591788.01,3,-381594.04,1915292415,,230365172.1,748950306.6,88908045.54,,214726373.5,,158913.58,,,,,,,,,,,,,,,,,,,,,,,,,1563258799,295267614.8,4393815286,,,,,750523398.1,,743916590.9,,,,
,0.12,,,合并,10004823,CNY,0.12,2019-12-31,1124965.79,2020-4-25,-703790131.2,146391644.7,1918070762,,1,2020-4-25,-24725145.2,-24725145.2,982870486.4,,,,,18679111.46,42421475.47,5489422214,0,,4744571417,1105519767,0,,6594941981,47981025.95,194340160.6,227526855.6,267726770.9,1201935792,1007595632,2019-12-31,年度报告,年度报告,0,,2019-1-1,1177210647,1129262131,0,,179597539.5,,,,,14742621.13,,,,,8166451.62,19927246.57,,,,,,194340160.6,,,,3,3292312.98,982870486.4,,61831934.87,469342916.2,179597539.5,,-49882845.16,,36531768.1,,,,,,,,,,,,,,,,,,,,,,,,,2756328754,331419236.5,3670492804,,,,,1376192562,,501257276.3,,,,
,1.04,,,合并,10004828,CNY,1.03,2020-12-31,147877088.8,2020-3-31,2057306161,2528752207,9849087197,2726449357,1,2021-3-24,80420019.62,55568836.15,9057212855,,,,,37975462.19,16005633.05,13255077135,0,-2616912.52,11367308599,11607934891,0,,24863012026,151890239.8,634281123.9,1018946170,1151555357,9611073959,9001644019,2019-12-31,年度报告,年度报告,0,,2019-1-1,9691493979,11585965062,0,,371031815.6,,,,,238398124.8,95530606.02,,,,137407495.8,,,,,,,609429940.5,,,24851183.47,3,447104.6,9057212855,,247437175.8,719549038.3,371031815.6,,1110613.61,,4349409.45,11841728.48,,,,,,,,,,,,,,,,,,,,,,,,4107905503,2772083017,9287627848,,,,,2121674094,,1947276669,,,,
,0.12,,,合并,10004829,CNY,0.12,2020-12-31,4633542.67,2020-3-28,135469502,524765444.1,2162013143,75487451.47,1,2021-3-26,140717030.4,126143414.8,694088301.1,,,,,1629791492,2486338.62,7211203480,0,263919000,5516446077,2846158898,0,,10057362379,59468507.17,258694172.2,98801111.3,191521122.1,812065443,567944886.3,2019-12-31,年度报告,年度报告,0,,2019-1-1,952782473.3,1218853745,0,,147276458.6,,,,,96844098.03,8690264.53,,,,20950426.93,,,,,,,244120556.7,,,14573615.58,3,14955.41,694088301.1,,280056532.7,1272568785,147276458.6,,-25567608.49,,92771015.06,22242152.36,,,,,,,,,,,,,,,,,,,,,,,,2512361240,1236941715,5710719113,,,,,1572934467,,1377543026,,,,
,0.18,,,合并,10004835,CNY,0.18,2019-12-31,-9866941,2020-4-28,256937470,145855829,1063569409,,1,2020-4-28,9239835,9738768,519922476,,,,,4937394,3110431,4434575469,0,-17941901,1567386381,667605268,0,,5102180737,22604650,-108681443,2685981550,2725971207,402001198,510183708,2019-12-31,年度报告,年度报告,0,,2019-1-1,411241033,665778305,0,,-117559431,,,,,9376921,,,,,17112181,,,,,,,-108182510,,,-498933,3,3876061,519922476,,30348871,176544789,-117559431,,-37471770,,29736510,,,,,,,,,,,,,,,,,,,,,,,,,347651347,91085810,1173916736,99799933,,62918817,,-142572076,,572460829,,,,
1535085.87,0.99,,,合并,10005679,CNY,0.99,2020-12-31,5353627.3,2020-3-28,1097262492,2165961135,6036367590,446525207.2,1,2021-3-30,574903928.1,571339882.8,8110261526,,,,,437347039,13673024.82,12109985820,0,,9392972817,10699896675,0,,22809882495,135373201.7,864495198.8,1900428733,1914983565,8399852797,7538921643,2019-12-31,年度报告,年度报告,0,,2019-1-1,8974756725,10276222661,0,,443768087.5,,,,,417163066,130938730,,,,105498829.8,158992149.9,,,,,,860931153.5,,,3564045.26,3,1548589.77,8110261526,,825510942.9,679675982.5,443768087.5,,21733356.31,,,,,,,,,,,,,,,,,,,,,,,,,,,4197625974,3910623138,9760768308,,,,,3168087379,,1437904121,,,,
,0.3,,,合并,10005685,CNY,0.3,2019-12-31,-1262825.29,2020-4-29,731982777.8,756949192.5,2020101870,77447586.77,1,2020-4-29,-80094361.59,-83092047.21,1582707924,,,,,25242813.56,45674314.18,4713666428,0,6544135.43,4044075677,2319225616,0,,7032892044,43796554.45,116839807.8,87215822.01,96790324.8,1779642094,1665799972,2019-12-31,年度报告,年度报告,0,,2019-1-1,1699547732,2339657117,0,,102616511.6,,17685050.57,,,11225610.59,,,,,7465605.02,,,,,,,113842122.1,,,2997685.62,3,181903.69,1582707924,,56323135.87,532034238.9,84931460.98,,-31152476.32,,34912481.89,,,,,,,,,,,,,,,,,,,,,,,,,1941156536,410327492.1,3337604132,,,,,791170725.7,,861451381.2,,,,
,0.18,,,合并,10002547,CNY,0.18,2019-12-31,8976531.34,2020-4-30,905791168.7,134683982.3,1295444737,269680797.8,1,2020-4-30,-77910528.95,-77498781.49,964502673.2,,,,,7294365.37,361700.65,2382718117,0,15422171.52,1956004591,1106119320,0,,3488837437,21941346.26,142704447.2,88696895.09,99822732.16,1185117649,1042001455,2019-12-31,年度报告,年度报告,0,,2019-1-1,1107207120,1099186656,0,,110512020.3,-4195840.82,,,,32604174.45,249144.96,,,,12210149.22,,,,,,,143116194.7,,,-411747.46,3,690871,964502673.2,,40487656.24,300653113.4,114707861.1,,20867743.86,,-722863.59,,,,,,,,,,,,,,,,,,,,,,,,,582755244,54830770.51,950089370.8,,,,,187534369.9,,295131513.7,,,,
3555702.15,0.82,,,合并,10004774,CNY,0.82,2020-12-31,30189075.81,2020-3-28,1691987660,1460353507,5349691586,882008337.2,1,2021-3-27,30901914.92,30901914.92,7313282744,,,,,36843214.55,16330893.41,9914221373,0,,7537473657,8794148572,0,,18708369945,94364575.41,350268723.3,2186799990,2226604724,7632649553,7282380829,2019-12-31,年度报告,年度报告,0,,2019-1-1,7663551468,8773636251,0,,251401927.1,,,,,98866796.18,,,,,106710129.3,12007804.54,,,,,,350268723.3,,,,3,,7313282744,,79013903.88,92027448.66,251401927.1,,-22878847.19,,3027709.49,,,,,,,,,,,,,,,,,,,,,,,,,3992926473,1042269893,7435694205,,,,,1895188789,,1812952307,,,,
,0.1742,,,合并,10004880,CNY,0.1742,2019-12-31,402293.75,2020-4-2,160039452.6,130952682.2,1482612031,-16560501.75,1,2020-4-2,6105289.39,6105289.39,616269192.2,,,,,4352901.13,838783.89,2929808596,0,,1734723729,750735991.7,0,,3680544587,21357651.55,-14618498.81,520287864.6,522635754.2,595545404,610163902.8,2019-12-31,年度报告,年度报告,0,,2019-1-1,601650693.4,747221874.4,0,,-2790040.96,,,,,-11828457.85,107541.48,,,,,,,,,,,-14618498.81,,,,3,229961.52,616269192.2,,30861823.39,653439350.6,-2790040.96,,-44309220.95,,32373221.62,-4711455.02,,,,,,,,,,,,,,,,,,,,,,,,658688926.6,22349320.91,1258670571,,,,,225092700.1,,317523519.6,,,,
698815635.8,1.01,,,合并,10002269,CNY,1.01,2020-12-31,236838830.6,2020-3-20,-2055398363,4346199631,18747889884,801121105.2,1,2021-3-19,521969973.3,419826728,12648436452,,,,,52612670.1,36456301.62,26128905191,0,,17562366097,17010792451,0,,43139697642,292697028.4,874729231.5,5683446862,5994593704,13001195710,12228609724,2019-12-31,年度报告,年度报告,0,,2019-1-1,13523165683,16994636082,0,,561480002,,9839260.7,1041045.1,,211105984.2,5998494.84,,,,132603948.2,-26008072.81,,,,,,772585986.2,,,102143245.4,3,-782562.64,12648436452,,149787648,1891579568,550599696.2,,10706363.8,,87805250.24,,,,,,,,,,,,,,,,,,,,,,,,,7424968289,5706832375,18022178986,,,,,2044589516,,4465279339,,,,
,0.429,,,合并,10002333,CNY,0.429,2019-12-31,-1286862.65,2020-4-2,245401722.6,407637958.4,994000895.2,-2291326.02,1,2020-4-2,-476822.42,-476822.47,1298062879,,,,,4276203.05,57522113.6,2697059807,0,35518931.09,2661882213,1652454927,0,,4349514734,21668700.57,123213097.1,,37372.29,1421752798,1298539701,2019-12-31,年度报告,年度报告,0,,2019-1-1,1421275976,1705700837,0,,87881058.28,,,,,35332038.77,-144969.8,,,,6302715.14,,,,,,,123213097.1,,,0.05,3,-73961.95,1298062879,,11008213.26,-22010037.47,87881058.28,,25747201.46,,3427091.97,,,,,,,,,,,,,,,,,,,,,,,,,1140360749,96265359.51,2329629724,,,,,770797631.8,,901273881.4,,,,
,0.35,,,合并,10004790,CNY,0.35,2019-12-31,-6329478.39,2020-4-25,-437166281.5,354325271.1,1907256840,73254131.49,1,2020-4-25,-56554220.14,-57929328.68,979245593.1,,,,,6431929.75,3815283.75,3794185952,0,89343191.51,2175155236,1336187510,0,,5130373463,37401886.49,169670219.6,1322981602,1325510849,1205470033,1037174922,2019-12-31,年度报告,年度报告,0,,2019-1-1,1148915813,1333570864,0,,150470656.2,,1236628.23,,,17824454.85,6395083.22,,,,18930608.81,,,,,,,168295111.1,,,1375108.54,3,77924.75,979245593.1,,11549618.99,169304036.7,149234028,,-19152260.82,,11651023.64,,,,,,,,,,,,,,,,,,,,,,,,,1050491646,161216479.3,2001888885,,,,,327585104.7,,625083630.7,,,,
-7914002.33,0.83,,,合并,10004281,CNY,0.83,2020-12-31,243053004.8,2020-3-27,2369067917,3331258255,9230895240,149644491.7,1,2021-3-31,1342067075,1017414927,10540662761,,,,,42969096.27,107226088.7,21052656015,0,,11094672690,13807664024,0,,34860320039,162293882.9,660096256.9,6956193468,8427689506,9858691943,9523247835,2019-12-31,年度报告,年度报告,0,,2019-1-1,11200759018,13871921017,0,,567098207.6,-28704929.8,,,,-231654099.3,68726897.29,,,1385164.74,-199034974,,,,,,,335444108.4,,,324652148.5,3,-24564655.58,10558581225,-17918464,536973888.5,2847409977,595803137.4,,-450405920.6,,347674733.3,,,,,,,,,,,,,,,,,,,,,,,,,3571010848,2394892183,9929355586,,,,,4147849554,,3456860763,,,,
,0.43,,,合并,10005609,CNY,0.43,2019-12-31,1478464.68,2020-4-10,1099753920,232392754.2,1170696405,130347253.3,1,2020-4-10,36790292.6,36265663.68,1043345907,,,,,10436455.75,8752611.45,6691373082,0,737713.44,2311565293,1277422505,0,,7968795587,28542736,-33258250.47,4109161448,4189633271,973297363.7,1007080243,2019-12-31,年度报告,年度报告,0,,2019-1-1,1010087656,1275738661,0,,-34362600.12,,,,,579720.73,106765.76,,,,472954.97,,,,,,,-33782879.39,,,524628.92,3,37217.59,1043345907,,27981439.01,241365891.3,-34362600.12,,,,,,,,,,,,,,,,,,,,,,,,,,,,,751094209.2,163212215.3,1559389122,,,,,-80174252.56,,330572470.8,,,,
,0.08,,,合并,10005633,CNY,0.08,2020-12-31,644769.37,2020-3-6,-156239083.4,63527888.49,1026631551,249260628.5,1,2021-3-16,61161337.91,73766072.33,144343530.2,,,,,4159720.64,5219555.26,1312454540,0,,1302928783,206811584.1,0,,1519266124,11811512.79,-80809639.36,2612361.78,28404727.64,2372552.95,70577457.89,2019-12-31,年度报告,年度报告,0,,2019-1-1,63533890.86,207871418.7,0,,-13658860.26,,,,,-54546044.68,-39438843.58,,,,,,,,,,,-68204904.94,,,-12604734.42,3,-336174.48,144343530.2,,5324545.26,-4898118.3,-13658860.26,,-14421989.56,,-685211.54,,,,,,,,,,,,,,,,,,,,,,,,,448107644.8,73254143,1162374132,,,,,-547538344,,630913316.7,,,,
,0.27,,,合并,10005647,CNY,0.27,2020-12-31,5840975.8,2020-3-30,141544624.9,236526952.7,518271151.1,127312740.9,1,2021-3-30,427353.8,427353.8,914788918.3,,,,,5270790.84,52058016.09,2094279722,0,,1669362955,1104528646,0,,3198808368,40985384.96,99668279.33,15124517.99,27104123.07,1014029844,914361564.5,2019-12-31,年度报告,年度报告,0,,2019-1-1,1014457198,1151315871,0,,,,,,,99668279.33,153332.93,,,,30786398.74,,,,,,,99668279.33,,,,3,13619786.09,914788918.3,,9994312.05,368806864.1,,,88193549.28,,-19465001.62,,,,,,,,,,,,,,,,,,,,,,,,,682291349.2,118189484.3,1203254038,,,,,1279179357,,399840781,,,,
,0.11,,,合并,10005659,CNY,0.11,2020-12-31,729341.74,2020-3-28,219576692,172845438.7,760118899.5,34299918.38,1,2021-3-20,56166874.77,56166874.77,543883656.2,,,,,4997100.28,6242315.01,2844724198,0,2580000,1848957349,715483880.2,0,,3560208078,21252507.39,30845398.4,541002635.3,548360567.3,518562179.9,487716781.5,2019-12-31,年度报告,年度报告,0,,2019-1-1,574729054.6,716729094.9,0,,,,,,,30845398.4,,,,,,,,,,,,30845398.4,,,,3,,543883656.2,,22100479.43,430931706.2,,,23071016.02,,7774382.38,2754136.46,,,,,,,,,,,,,,,,,,,,,,,,543058494.3,296881649.2,1475116880,,,,,534205217.4,,357899288.7,,,,
,0.068,,,合并,10062057,CNY,0.068,2019-12-31,245702.35,2020-4-30,706295223,154304212.7,686916099.5,15934014.96,1,2020-4-30,10912968.65,10912968.65,473817380.3,,,,,14763743.61,59920809.11,1194016803,0,,1180343164,582964527.5,0,,1776981331,14080627.14,-14198698.72,,,448705713,462904411.7,2019-12-31,年度报告,年度报告,0,,2019-1-1,459618681.6,628121593,0,,2076187.33,,,,,-16274886.05,-11175185.64,,,,,,,,,,,-14198698.72,,,,3,2069.01,473817380.3,,11046409.73,-406987.44,2076187.33,,-39374782.54,,34275082.13,,,,,,,,,,,,,,,,,,,,,,,,,329792035.1,148195537.9,601679980.2,,,,,-229204153.1,,107575592.3,,,,
,0.428,,,合并,10005840,CNY,0.428,2020-12-31,1055300.72,2020-2-29,-43621665.52,650582069,2110831080,8230711.19,1,2021-3-20,494740069.7,494740069.7,1673627934,,,,,60676616.33,42795850.62,9429815975,,,,2342090769,0,,9929246919,48556257.57,1284826,3186006145,3212671896,1180172690,1178887864,2019-12-31,年度报告,年度报告,,,2019-1-1,1674912760,2324210003,0,,1356210.6,,,,,-71384.6,-71384.6,,,,,,,,,,,1284826,,,0,4,3024.27,1168524757,505103176.8,66094319.78,,1356210.6,,,,,,,,,,,,,,,,,,,,,,,,,,,,,,,1278995041,,,,,627298296.8,,,,,,
,0.0492,,,合并,10194966,CNY,0.0492,2019-12-31,317869.61,2020-4-30,267020505.8,107588522.6,427104144,-5875736.9,1,2020-4-30,-396252.28,-396252.28,94809842.96,,,,,9513296.65,202561379,2286639466,,,,9350283.26,0,,1669714291,9808122.53,30624101.4,,,125830196.6,95206095.24,2019-12-31,年度报告,年度报告,,,2019-1-1,125433944.4,202398365.6,0,,,,,,,30624101.4,5567256.92,,,,18104947.64,,,,,,,30624101.4,,,,4,3152.36,94809842.96,,20440359.15,,,,7248788.22,,-296891.38,,,,,,,,,,,,,,,,,,,,,,,,,,,794100680.8,,,,,307948221.4,,,,,,
,0.31,,,合并,10004819,CNY,0.31,2020-12-31,454323.94,2020-3-30,556696033.5,268663433.5,1019149248,140907471.5,1,2021-3-31,105817896,105817896,1214177011,,,,,11891680.72,1604689.96,1738477947,0,,1247012483,1493127435,0,,3231605382,27354889.37,-109192787.2,35629906.69,40409995.06,999166327.6,1108359115,2019-12-31,年度报告,年度报告,0,,2019-1-1,1104984224,1482840444,0,,-72812164.66,,,,,-36380622.55,,,,,,,,,,,,-109192787.2,,,,3,-388317.41,1214177011,,8366091.51,428480667.5,-72812164.66,,-34758400.8,,-1622221.75,,,,,,,,,,,,,,,,,,,,,,,,,708484171.1,113069925.6,1065891146,,,,,541026861.4,,190651815.5,,,,
,0.9,,,合并,10004865,CNY,0.9,2020-12-31,-65187437,2020-3-25,1700449129,2393263409,7311009144,174013400,1,2021-3-26,499232846,414318555,9051356047,,,,,47209051,32471227,18489954493,0,20901766,11593615960,11459357280,0,,29949311773,136880106,922624825,4688979179,4826953629,9474748026,8637037492,2019-12-31,年度报告,年度报告,0,,2019-1-1,9973980872,11444619456,0,,634923924,,93256636,,,202786610,-7391516,,,,211690820,,,,,,,837710534,,,84914291,3,8405974,9051356047,,654560112,2049577482,541667288,,-40880236,,39367542,,,,,,,,,,,,,,,,,,,,,,,,,5629583202,1665468283,10286365353,,,,,5226755869,,2592758819,,,,
,0.443,,,合并,10120316,CNY,,2019-12-31,-4664509.93,2020-4-30,498275207.7,231308321.2,586817586.2,47353088.33,1,2020-4-30,747237.14,747237.14,1221446097,,,,,14160671.36,66946941.37,2573421224,0,,2073216703,1399968148,0,,3973389372,31111264.92,6095560.87,2558379.84,4865070.25,1226794420,1220698859,2019-12-31,年度报告,年度报告,0,,2019-1-1,1227541657,1452754418,0,,-147680206.8,,,,,153775767.7,,,,,33681383.22,,,,,,,6095560.87,,,,3,180519.06,1221446097,,9718416.49,466534876.4,-147680206.8,,114802289.5,,5292095.04,,,,,,,,,,,,,,,,,,,,,,,,,691396790.1,355725292.8,2091802573,,,,,786394508.6,,1016415306,,,,
,0.35,,,合并,10004846,CNY,,2020-12-31,12163513.1,2020-3-28,936710069.6,375791852.5,3414721885,591070224.8,1,2021-3-31,43659092.16,43659092.16,2478738856,,,,,55912190.65,159009087.8,16300663502,0,,5941425533,2751433812,0,,19052097314,71338550.08,490323357.7,9243441369,9258637496,2925403122,2435079764,2019-12-31,年度报告,年度报告,0,,2019-1-1,2969062214,2854530709,0,,54015258.85,,,,,436308098.8,-8523909.69,,,,7503300.78,,,,,,,490323357.7,,,,3,-187362.49,2478738856,,23767187.04,1044458050,54015258.85,,421056784.9,,16271922.8,,,,,,,,,,,,,,,,,,,,,,,,,1545590314,1800229825,4515662530,,,,,890621995.9,,1050011889,,,,
,0.15,,,合并,10004838,CNY,0.15,2020-12-31,468132.72,2020-3-31,354483081.4,109472834.5,683411769.2,137911913.2,1,2021-3-30,69929775.63,70065418.34,583123487.2,,,,,493000,5664126.46,1895846336,0,,1550539298,687425195.2,0,,2583271531,20076537.18,-212203.14,11303337.53,55281796.63,512981508.5,513058068.9,2019-12-31,年度报告,年度报告,0,,2019-1-1,582911284.1,692596321.7,0,,,,,,,-76560.43,-76560.43,,,,,,,,,,,-76560.43,,,-135642.71,3,68167.54,583123487.2,,4014925.93,313927163.3,,,,,,,,,,,,,,,,,,,,,,,,,,,,,,287116367.7,750577784.3,1578021439,,,,,-92477781.07,,415018164.6,,,,
,0.56,,,合并,10004769,CNY,0.56,2019-12-31,-2603399.63,2020-3-20,712200676,1318232695,4504773857,554833536.6,1,2020-3-20,3465589.99,3465589.99,4913652796,,,,,269794983.2,37029276.76,7628263418,0,1731534.1,5559822788,6464651198,0,,14092914616,98641691.37,604974945.3,948464362.6,973083467.9,5515162152,4910187206,2019-12-31,年度报告,年度报告,0,,2019-1-1,5518627742,6231885492,0,,547203199.5,,,,,57771745.77,-8028937.67,,,,8492222.67,,,,,,,604974945.3,,,,3,-384988.22,4913652796,,45052002.21,1019603042,547203199.5,,33726456.76,,23582004.01,,,,,,,,,,,,,,,,,,,,,,,,,4091799803,236254572.3,6161018388,,,,,1699774612,,1425919341,,,,
2000000,0.29,,,合并,10004930,CNY,0.29,2020-12-31,720095.62,2020-3-19,142051074.9,321245372.4,1202340276,999476.56,1,2021-3-18,,,967557059.4,,,,,8157081.5,1779844.75,4364298969,0,,2077134220,1295179669,0,,5659478638,33230165.3,921536.31,2283808971,2315723473,968478595.7,967557059.4,2019-12-31,年度报告,年度报告,0,,2019-1-1,968478595.7,1288802432,0,,,,,,,921536.31,,,,,921536.31,,,,,,,921536.31,,,,3,3113668.88,967557059.4,,27203151.07,-31874387.47,,,,,,,,,,,,,,,,,,,,,,,,,,,,,,898253561.5,266290148.6,1661417868,,,,,306909030.5,,313341169.7,,,,
2110521.68,0.52,,,合并,10004876,CNY,,2020-12-31,21593019.93,2020-3-28,1655790172,1579984892,3251790865,10886467.81,1,2021-3-30,23560492.16,21715409.22,5250144461,,,,,48290376.24,29148508.07,10191546075,0,,6955044196,6849271221,0,,17040817296,124430190.2,599275966.2,2701626654,2790162114,5825859935,5228429052,2019-12-31,年度报告,年度报告,0,,2019-1-1,5849420427,6830129353,0,,364306845.3,-6001763.9,-390603.17,,,233124037.9,5518671.14,,,20534613.13,120094402.6,,,,,,,597430883.2,,,1845082.94,3,-1882634.5,5250144461,,58383136.98,408334513.4,370699212.4,,34613316.11,,52363034.92,65805388.92,,,,,,,,,,,,,,,,,,,,,,,,4551498096,633750486.5,5773267870,,,,,3491712753,,480027166.3,,,,
9760642.03,0.02,,,合并,10004941,CNY,0.02,2020-12-31,-2411060.48,2020-3-31,-165217912,41034744.4,929911611.5,41652088.18,1,2021-3-31,20941021.22,16860122.98,75082868.42,,,,,7025663.04,9408024.38,2258791740,0,,1303740017,113735251.5,0,,2372526991,14420697.18,12417598.13,581172268.5,588755236.7,66559445.33,58222745.44,2019-12-31,年度报告,年度报告,0,,2019-1-1,87500466.55,116117612.8,0,,,,,,,8336699.89,2251346.29,,,,3881357.85,,,,,,,8336699.89,,,4080898.24,3,22972242.66,75082868.42,,8890812.2,349698115.4,,,2249077.3,,-45081.55,,,,,,,,,,,,,,,,,,,,,,,,,517788467.7,65064514.83,961128437.6,,,,,28497623.04,,246803568,,,,
139861071.1,0.24,,,合并,10004830,CNY,0.24,2020-12-31,202521942.2,2020-3-28,-101252977.7,1123890281,5709265162,282138478.3,1,2021-3-31,96917904.21,67928351.97,5803340743,,,,,26395677.47,2566613.77,17642351675,0,,7911467217,6951060088,0,,24593411763,145938365,1295803280,8724966584,8967620964,7002226119,5735412391,2019-12-31,年度报告,年度报告,0,,2019-1-1,7099144023,6927231024,0,,1090058430,,,,,176755297.8,5489411.73,,,,60968890.38,,,,,,,1266813727,,,28989552.24,3,79878.72,,,185840650.4,720118436.7,1090058430,,33369043.99,,76927951.67,451703684.3,,,,,,,,,,,,,,,,,,,,,,,,3796679207,1289606696,6409661110,,,,,3219675033,,1162452947,,,,
41100.92,0.29,,,合并,10106348,CNY,0.29,2020-12-31,-540617.61,2020-3-10,2476702.97,38059779.45,21979602,,1,2021-3-31,,,120810930.9,,,,,584824.32,112197.73,791908186,0,9001199.48,154886937,159343337,0,,951251523,1688826.18,1539645.97,626718930.3,627400026.4,122350576.9,120810930.9,2019-12-31,年度报告,年度报告,0,,2019-1-1,122350576.9,158870710.4,0,,,,,,,1539645.97,,,,,1539645.97,,,,,,,1539645.97,,,,3,-59994.27,120810930.9,,1693137.28,-428807.79,,,,,,,,,,,,,,,,,,,,,,,,,,,,,,189629509.3,18727174.65,213128880.2,,,,,85173786.09,,,,,,
,0.55,,,合并,10004804,CNY,0.55,2019-12-31,463860.92,2020-3-31,295668343.3,433300753.3,830914665,-4485098.61,1,2020-3-31,9342.85,9342.85,1431540168,,,,,13393264.9,7033137.72,2066223525,0,2960274.1,1997116829,1871201048,0,,3937424573,31496150.42,47518149.37,844831.44,11187697.23,1479048974,1431530825,2019-12-31,年度报告,年度报告,0,0,2019-1-1,1479058317,1864840921,0,,-403156.07,0,0,0,,47921305.44,0,,,0,0,0,,,,,,47518149.37,,,0,3,-219502.33,1431540168,0,23137431.47,33805439.88,-403156.07,0,17577398.5,0,30343906.94,0,,,,,,,,,,,,,,,,,,,,,,,,1003218610,83121614.61,1606653877,,,,,1169618200,,520494494.9,,,,
1220168.79,0.15,,,合并,10095670,CNY,0.15,2020-12-31,-2288939.88,2020-3-14,-5357859.57,34762869.59,159587066.4,,1,2021-3-16,148055.19,76931.83,79570137.49,,,,,2029437.89,560283.22,9421724004,0,9141675.13,454762357.3,115802161.8,0,,9537526165,2369725.53,13516417.03,8947601067,8978029847,92938499.33,79493205.66,2019-12-31,年度报告,年度报告,0,,2019-1-1,93086554.52,114333007.1,0,,1803886.39,,,,,11641407.28,,,,,11641407.28,,,,,,,13445293.67,,,71123.36,3,-111157.22,79570137.49,,18736814.59,6629010.35,1803886.39,,,,,,,,,,,,,,,,,,,,,,,,,,,,,,,219614003.5,,,,,169316390.2,,,,,,
,0.52,,,合并,10053660,CNY,0.52,2019-12-31,25626.72,2020-4-25,986922837.9,346166025.5,1413247028,613865493,1,2020-4-25,2696968.83,2696968.83,1875759492,,,,,11895286.87,358883.27,2718781684,0,,2617971443,2233461921,0,,4952243605,20964641.86,47479491.42,1789087,11643242.4,1920542015,1873062523,2019-12-31,年度报告,年度报告,0,,2019-1-1,1923238984,2221925518,0,,4655617.21,,,,,42823874.21,7823640.08,,,,8422866.22,,,,,,,47479491.42,,,,3,,1875759492,,16624174.81,78056511.54,4655617.21,,24396719.49,,2180648.42,,,,,,,,,,,,,,,,,,,,,,,,,811028390.5,1065217278,2295892104,,,,,227888591.4,,401274113.2,,,,
,0.059,,,合并,10004866,CNY,0.059,2019-12-31,-1148442.75,2020-4-28,323190388,41413622.91,1220632901,19763682.93,1,2020-4-28,45889009.88,113124097.3,420891652.4,,,,,11650246.33,75497821.47,3447643030,0,,2405733794,398457700.2,0,,3846100730,30245719.81,-309945448.5,527962464.3,568619307.1,65057193.97,307767555.1,2019-12-31,年度报告,年度报告,0,,2019-1-1,110946203.9,462305275.3,0,,-244821553.1,,,,,2111192.04,869794.07,,,,5307726.07,,,,,,,-242710361.1,,,-67235087.45,3,49375.77,420891652.4,,3308761.85,483701052.3,-244821553.1,,-4230821.53,,164493.43,36830173.22,,,,,,,,,,,,,,,,,,,,,,,,577167543.3,666861144.7,2104060852,,,,,-372612412,,743894162.9,,,,
,0.3,,,合并,10004894,CNY,0.3,2019-12-31,-13530867.14,2020-4-28,749285526.3,539392345.5,1728954465,53191115.48,0,2020-6-2,42115739.55,44534661.14,2293997728,,,,,22348157.25,9797548.04,6863046511,0,,5024812175,2845940683,0,,9708987194,67923104.23,338022690.7,1502656554,1599619057,2589904679,2249463067,2019-12-31,上市公告书,年度报告,0,,2019-1-1,2632020419,2833390074,0,,235518866.8,,-52065287.55,,,104922745.5,,,,,41693725.62,,,,,,,340441612.2,,,-2418921.59,3,-108077.53,,,70116128.93,267654677.9,287584154.3,,4942941.07,,58286078.77,,,,,,,,,,,,,,,,,,,,,,,,,2432030682,383695446.9,4072668476,,,,,1501982486,,1112908740,,,,
,0.16,,,合并,10004839,CNY,0.16,2020-12-31,316809.72,2020-4-20,61823603.24,35019723.18,280125789.8,,1,2021-3-31,-408759.4,-408759.4,441257802.6,,,,,5340728.92,8055625.48,537040470.3,0,,539567718.4,473562629.2,0,,1010603100,4645512.82,,111024.24,173111.54,441666562,441666562,2019-12-31,年度报告,年度报告,0,,2019-1-1,441257802.6,476277525.8,0,,,,,,,,,,,,,,,,,,,,,,,3,-369415.81,441257802.6,,45811116.06,-7283785.13,,,,,,,,,,,,,,,,,,,,,,,,,,,,,,256326715,81644721.77,438481146.1,,,,,184240938.9,,91355138.51,,,,
,0.27,,,合并,10004787,CNY,0.27,2020-12-31,6044149.79,2020-3-3,212503256.9,165141962.4,215228124.5,6599678.73,0,2021-3-19,,,521344151.1,,,,,2584892.52,1556683.24,931868050,0,,933595115.7,687514322.8,0,,1619382373,10709117.73,,,5731821.05,521344151.1,521344151.1,2019-12-31,年度报告,年度报告,0,,2019-1-1,521344151.1,686486113.5,0,,,,,,,,,,,,,,,,,,,,,,,3,187386.07,521344151.1,,8564551.92,-12436183.4,,,,,,,,,,,,,,,,,,,,,,,,,,,,,,359649401.6,64988601.15,673750381.9,,,,,497372700.6,,245652687.5,,,,
,0.22,,,合并,10004807,CNY,0.22,2019-12-31,582528.04,2020-4-2,182346080.3,230960789.5,212565145.6,23359298.75,1,2020-4-2,5334144.45,5334144.45,715145844.9,,,,,12479143.55,4168042.2,1247359530,0,,1189115928,954417735.7,0,,2201777266,20176535.35,69467266.47,,7613070.22,779278966.9,709811700.4,2019-12-31,年度报告,年度报告,0,,2019-1-1,784613111.3,946106634.3,0,,-25310780.63,,,,,94778047.1,,,,,,,,,,,,69467266.47,,,,3,64639.46,715145844.9,,7859793.13,38067066.48,-25310780.63,,70905468.24,,23872578.86,,,,,,,,,,,,,,,,,,,,,,,,,604015080.5,73518086.69,1000965906,,,,,789780102.9,,301637134.6,,,,
,0.67,,,合并,10066493,CNY,0.67,2020-12-31,287498.01,2020-3-27,1644324817,1624091521,2754579401,-7605510.94,1,2021-4-1,27960196.29,27960196.29,5529648448,,,,,26343881.93,15072608.53,6528176560,0,,6459340067,7165011243,0,,13693187802,98596737.38,270053676.3,29669298.84,61574862.19,5771741928,5501688251,2019-12-31,年度报告,年度报告,0,,2019-1-1,5799702124,7153739969,0,,117246856.7,,,,,152806819.5,-1352427.35,,,,33835423.58,,,,,,,270053676.3,,,,3,,5529648448,,48237142.76,-59429543.63,117246856.7,,105814531.6,,14509291.76,1087662.34,,,,,,,,,,,,,,,,,,,,,,,,2846683723,792854433,7625043430,,,,,1559140652,,3684648822,,,,
,0.32,,,合并,10004837,CNY,0.32,2019-12-31,1115425.5,2020-4-21,439682083.1,187480148.4,1034154952,246145992.1,1,2020-4-21,22393485.41,22393485.41,1014560629,,,,,996809.09,1752723.85,2697857631,0,,2021080004,1201284862,0,,3899142494,22546147.35,24219712.36,648631744.2,682449983.1,1016386856,992167143.3,2019-12-31,年度报告,年度报告,0,,2019-1-1,1038780341,1202040777,0,,-6545804.49,,,,,30765516.85,17452840.88,,,,,,,,,,,24219712.36,,,,3,,1014560629,,18805564.62,5599735.63,-6545804.49,,14739987.21,,-1427311.24,,,,,,,,,,,,,,,,,,,,,,,,,664858350.4,161318521.9,1459609667,,,,,263324818.8,,597158825.5,,,,
,0.24,,,合并,10004813,CNY,0.24,2020-12-31,112987.34,2020-3-30,291094581.6,277907278.5,1532210129,624277.26,1,2021-4-1,9949153.8,9949153.8,847490458,,,,,1579682.76,299643.73,939050732.2,0,,780772140.4,1126677776,0,,2065728508,15407470.14,1584432.35,107732020.1,111518769.2,839125736.6,837541304.2,2019-12-31,年度报告,年度报告,0,,2019-1-1,849074890.4,1125397737,0,,10488.06,,,,,1573944.29,,,,,,,,,,,,1584432.35,,,,3,-508497.34,847490458,,2375036.13,35139101.61,10488.06,,2403301.69,,-829357.4,,,,,,,,,,,,,,,,,,,,,,,,,184445387.6,90046338.35,368797987.9,,,,,-239872486.1,,70331994.73,,,,
2048333.33,0.32,,,合并,10004926,CNY,0.32,2020-12-31,1642481.81,2020-3-26,77655053.93,215346404.7,343113805.1,,0,2021-3-30,1808828.94,1808828.94,800061800.8,,,,,507050.34,16945469.43,1908697781,0,,1828816648,998969786.4,0,,2907667568,17213312.38,-971397.76,2064518.5,2145414.85,797281574.1,798252971.9,2019-12-31,年度报告,年度报告,0,,2019-1-1,799090403,1015408205,0,,,,,,,-971397.76,,,,,,,,,,,,-971397.76,,,,3,25235.8,,,93593962.6,58554968.79,,,-974144.39,,2746.63,,,,,,,,,,,,,,,,,,,,,,,,,601033144.5,731338068.5,1559304029,,,,,830187584.5,,217175620.1,,,,
,0.99,,,合并,10014783,CNY,,2020-12-31,128163134,2020-4-27,-2764522596,1053804852,9783568477,60403081,0,2021-3-31,9107513,9107513,4247826830,,,,,273198387,5670115,10186114639,0,,9938766920,5569159954,0,,15755274593,84392616,314339087,3357272,22034430,4553058404,4238719317,2019-12-31,年度报告,年度报告,0,,2019-1-1,4562165917,5301631682,0,,,,,,,314339087,-103278,,,,165151703,,,,,,,314339087,,,,3,16026,4247826830,,134618951,159597831,,,151999613,,-2708951,,,,,,,,,,,,,,,,,,,,,,,,,2978598591,754268033,9546721537,,,,,-1095325366,,4247587804,,,,
