ACCOUNTPAY,AGENTTRADESECURITY,ANTICIPATELIAB,ASSETBALANCE,ASSETOTHER,BONDPAY,BORROWFUND,BUYSELLBACKFASSET,CAPITALRESERVE,COMBINETYPE,COMPANYCODE,CONSTRUCTIONPROGRESS,CURRENCY,DEFERINCOMETAXASSET,DEFERINCOMETAXLIAB,DEFINEFVALUEFASSET,DEFINEFVALUEFLIAB,DERIVEFASSET,DERIVEFLIAB,DIFFCONVERSIONFC,DIVIDENDPAY,ENDDATE,ESTATEINVEST,FIRSTNOTICEDATE,FIXEDASSET,FVALUEFASSET,FVALUEFLIAB,GDEPOSITPAY,GENERALRISKPREPARE,GOODWILL,HELDMATURITYINV,INTANGIBLEASSET,INTERESTPAY,INTERESTREC,LATESTNOTICEDATE,LENDFUND,LIABBALANCE,LIABOTHER,LIABSHEQUITYBALANCE,LIABSHEQUITYOTHER,LTBORROW,LTEQUITYINV,MINORITYEQUITY,MONETARYFUND,OTHERASSET,OTHERLIAB,PARENTEQUITYBALANCE,PARENTEQUITYOTHER,REPORTDATE,REPORTSOURCETYPE,REPORTTIMETYPE,RETAINEDEARNING,SALARYPAY,SALEABLEFASSET,SELLBUYBACKFASSET,SETTLEMENTPROVISION,SHARECAPITAL,SHEQUITYBALANCE,SHEQUITYOTHER,STARTDATE,STBORROW,SUMASSET,SUMLIAB,SUMLIABSHEQUITY,SUMPARENTEQUITY,SUMSHEQUITY,SURPLUSRESERVE,TAXPAY,TRADEFASSET,TRADEFLIAB,OTHEREQUITY,PREFERREDSTOCK,SUSTAINABLEDEBT,OTHEREQUITYOTHER,OTHERCINCOME,PREFERSTOCBOND,SUSTAINBOND,SHORTFINANCING,AMORCOSTFASSET,FVALUECOMPFASSET,AMORCOSTFLIAB,HELDSALEASS,HELDSALELIAB,LTDEFERASSET,FINANCE_RECE,USERIGHT_ASSET,LEASE_LIAB,TRADE_FINASSET_NOTFVTPL,TRADE_FINLIAB_NOTFVTPL,CREDITOR_INVEST,OTHER_CREDITOR_INVEST,OTHER_EQUITY_INVEST,NOTE_RECE,ACCEPTDEPOSIT,ACCOUNTREC,ADVANCEREC,BILLPAY,CAPITALGDEPOSITPAY,CLAIMPAY,CLAIMRESERVE,CLAIMRIRESERVEREC,COMMPAY,CONTACTRESERVE,CREDITORPLANINV,FIDEPOSIT,GDEPOSITREC,INDEPENDENTASSET,INDEPENDENTLIAB,INSUREDDEPOSITINV,INSUREDPLEDGELOAN,INVESTREC,JUNIORBONDPAY,LIFERESERVE,LIFERIRESERVEREC,LOANADVANCES,LTHEALTHRESERVE,LTHEALTHRIRESERVEREC,OTHERPAY,OTHERREC,POLICYDIVIPAY,PREMIUMADVANCE,PREMIUMREC,RICONTACTRESERVEREC,RIPAY,RIREC,TDEPOSIT,UNDUERESERVE,UNDUERIRESERVEREC,SUBROGATIONREC,AGENTUWSECURITY,CAGENTTRADESECURITY,CLIENTCREDITFUND,CLIENTFUND,CLIENTPROVISION,CREDITPROVISION,DIVIDENDREC,INVENTORYSHARE,MARGINOUTFUND,MARGINOUTSECURITY,PLEDGEBORROW,SEATFEE,TRADERISKPREPARE,AGENCYASSETS,AGENCYLIAB,RECEIVABLES,NOTE_PAYABLE
,,,0,,34990000000,,4467000000,55009000000,合并,10009950,14377000000,CNY,128000000,10330000000,,,428000000,,,,2020-12-31,12141000000,2020-3-26,36343000000,1.41606E+11,3859000000,,37888000000,,9.28751E+11,8070000000,,41455000000,2021-3-26,,0,,,,18930000000,2.22983E+11,5578000000,55082000000,5866000000,43780000000,0,,2019-12-31,年度报告,年度报告,1.70487E+11,12223000000,1.05896E+12,1.18088E+11,,28265000000,,,2019-1-1,1115000000,3.72673E+12,3.31739E+12,3.72673E+12,4.03764E+11,4.09342E+11,75161000000,897000000,,,7791000000,,,,29163000000,,,,,,,,,,,3520000000,3091000000,,,,,,,,,,,6333000000,51019000000,18404000000,145000000,7418000000,2.55274E+12,,,,10000000,10000000,2.67794E+11,,,,2.38613E+12,483000000,6.0892E+11,1.35201E+11,3356000000,16804000000,19595000000,1.12593E+11,60898000000,17281000000,4353000000,817000000,808000000,5.3526E+11,13001000000,369000000,,,,,,,,,,,,,,,,,,
4821000000,38645000000,,0,1.83957E+11,6.99631E+11,26271000000,96457000000,1.28651E+11,合并,10009951,,CNY,50301000000,22282000000,,,18957000000,24527000000,,,2020-12-31,54467000000,2020-2-21,42650000000,9.61073E+11,39458000000,,71964000000,20927000000,,27787000000,,,2021-2-4,79569000000,0,1.13331E+11,,,2.17087E+11,2.04135E+11,1.79209E+11,4.49909E+11,1.93052E+11,2.16025E+11,0,-5001000000,2019-12-31,年度报告,年度报告,4.33644E+11,39717000000,,1.76523E+11,6203000000,18280000000,,,2019-1-1,1.12285E+11,8.22293E+12,7.37056E+12,8.22293E+12,6.73161E+11,8.5237E+11,12164000000,20841000000,,,,,,,13459000000,,,,,,,,,,,16553000000,15986000000,,,2.28123E+12,4.58165E+11,2.82185E+11,,2.39307E+12,28579000000,,,12501000000,58732000000,,,11038000000,1.92191E+12,,3.55051E+11,,46131000000,46131000000,7.01635E+11,1.39326E+11,,,,,2.2404E+12,,,,,59082000000,42473000000,82416000000,17703000000,14012000000,11495000000,2.1681E+11,,,,,,,,,,,,,,,,,,,,
,,,0,,9988000000,,28045000000,66650000000,合并,10009954,1987000000,CNY,860000000,2911000000,,,,,,,2020-12-31,8283000000,2020-3-23,16378000000,4931000000,,,14329000000,1357000000,2.95247E+11,3652000000,516000000,19493000000,2021-3-29,,0,349000000,,,,20442000000,4893000000,14872000000,12397000000,20813000000,0,,2019-12-31,年度报告,年度报告,70602000000,5573000000,5.11822E+11,78366000000,,9062000000,,,2019-1-1,,1.52833E+12,1.34501E+12,1.52833E+12,1.78427E+11,1.8332E+11,4835000000,2166000000,,,,,,,12949000000,,,,,,,,,,,4130000000,3668000000,,,,,,,,,,,6658000000,21712000000,42504000000,6841000000,4364000000,1.06802E+12,,,,,,75576000000,57194000000,3.24013E+11,,8.91195E+11,1881000000,,72347000000,10453000000,,,25447000000,21000000000,17916000000,25560000000,4543000000,5340000000,1.47756E+11,61975000000,6385000000,,,,,,,,,,,,,,,,,,
,,29000000,0,,,,5682000000,23870000000,合并,10009978,4170000000,CNY,162000000,298000000,,,,,,,2020-12-31,9051000000,2020-3-26,10165000000,24409000000,501000000,,6067000000,,2.46212E+11,3726000000,,8671000000,2021-3-25,,0,517000000,,,,4917000000,10000000,11768000000,1938000000,119000000,0,,2019-12-31,年度报告,年度报告,40077000000,3905000000,3.87296E+11,68190000000,,3120000000,,,2019-1-1,,8.7897E+11,7.94509E+11,8.7897E+11,84451000000,84461000000,7357000000,289000000,,,,,,,3960000000,,,,,,,,,,,1152000000,961000000,,,,,,,,,,,1715000000,5704000000,1611000000,44000000,2353000000,6.58191E+11,,,,163000000,152000000,46366000000,35148000000,49434000000,,5.67985E+11,1433000000,,86493000000,1178000000,2533000000,3890000000,,4181000000,2233000000,2840000000,220000000,188000000,64040000000,2102000000,185000000,,,,,,,,,,,,,,,,,,
156513615.4,,,0,44426878897,,,700080000,11095295570,合并,10005565,99646827.34,CNY,944164095.1,1049410880,,,,,,,2020-9-30,9972946226,2020-4-15,467519817,2211803672,,,,6186323297,,109418168.7,,2133408184,2020-10-31,,0,1.61579E+11,,,,10184256907,13130420899,12991687928,,,0,,2019-12-31,三季度报告,年度报告,5828959152,151227333.8,1.10354E+11,6179753000,,4940629165,0,,2019-1-1,,2.05274E+11,1.7092E+11,2.05274E+11,21223052939,34353473838,196953610,223833669,,,,,,,-838784558.7,,,,,,,,,,,,,,,,,,,,19016965.39,49464971.55,,969250000,565074296,,27294610.91,623494232.5,,,,,,,,,,,,,,,,,,,19936488.13,173113222.1,,85798208.23,149097922.9,1835741844,,1946700.65,,,,,,,,,,,,,,,,,,
182044001.4,,,0,,6732189596,,,5969368126,合并,10002488,440393912.3,CNY,37288522.37,794600283.1,,,,,,,2020-9-30,2213196100,2020-4-30,1193462216,,,,,854566626.7,,1750375121,,,2021-1-26,,0,11871943.12,,,324977826.6,,14376947493,1180193882,653295911.6,7819693308,0,,2019-12-31,三季度报告,年度报告,2825646394,567798431.9,,45005643476,,1093064378,,,2019-1-1,290000000,1.00909E+11,75734046036,1.00909E+11,10798098869,25175046362,374075524.1,69565677.58,,,,,,,535944446.5,,,,,,,2498750000,,,,,,16741614560,,,65651038204,2558153445,,,117800486.2,,,3615193198,72614196.66,4609138695,257339951,263338893.3,10673821020,,,,,,1876727129,,,,,,,,,,,,565493019.8,370440996.3,466211064.1,483667233.5,481058943.3,84650349.49,6064682325,208871113.2,1408859.06,,,,,,,,,,,,,,,,,
,,,0,,48780000000,,53038000000,7516000000,合并,10009971,,CNY,8699000000,1486000000,,,,,,,2020-12-31,12445000000,2020-3-28,25636000000,27032000000,,,11885000000,,1.40398E+11,7807000000,,,2021-3-24,,0,2388000000,,,,1.17083E+11,63706000000,24064000000,11734000000,4163000000,0,1235000000,2019-12-31,年度报告,年度报告,93939000000,18756000000,3.16901E+11,58263000000,,44224000000,,,2019-1-1,,1.13277E+12,8.85932E+11,1.13277E+12,1.83133E+11,2.46839E+11,12551000000,8551000000,,,,,,,11783000000,,,,,,,,,,,3307000000,3051000000,,,,,,,,,,,12994000000,10272000000,1.5392E+11,17058000000,8240000000,6.15686E+11,,,,,,41014000000,4508000000,1.82858E+11,,2.70475E+11,15000000,,30683000000,1534000000,15622000000,12817000000,3816000000,26798000000,39292000000,28974000000,19046000000,16175000000,87009000000,1.60608E+11,10367000000,,,,,,,,,,,,,,,,,,
2133791583,34604898441,3400000,0,,45375193661,505444444.4,8627869455,14374587738,合并,10004822,,CNY,1036594700,10805777.24,,,15379993.11,18023444.6,,,2020-9-30,151880669,2020-4-25,606697731.5,,,4174674771,4166681951,12264149.78,,200171764.9,,,2020-10-31,,0,,,,2999186930,1773261294,2611416930,47637137012,2509226494,634819545.9,0,,2019-12-31,三季度报告,年度报告,6978612570,4343811032,,25756432947,6640493386,6696671674,0,,2019-1-1,5883211120,1.70575E+11,1.33531E+11,1.70575E+11,34432270051,37043686982,1716990955,903660728.3,,,,,,,498725163.4,,,6365189163,,,,,,,,,,48549780286,3993399432,,22996386470,2495987365,,,,,,,,,,,,,,,,,,,,,,,,,,,,,,,,,,,,,,,,,25536800242,5817385083,,,,20735063328,,,,,,,2412086361,
8561417152,25111795977,132600448.4,0,,19939519051,5915946944,3853273932,16376028946,合并,10004823,14521120.38,CNY,431637049.2,6265273.27,,,3963245.5,221311163.1,,,2020-9-30,171374388.7,2020-4-25,509644514.2,,,4974011036,3737116520,4523034174,,262160983.3,,,2020-10-31,,0,33381442.57,,,,,928575096.7,32774928025,1866751893,230805946.4,0,,2019-12-31,三季度报告,年度报告,8467775867,1327393196,,21291594889,6905622238,8232101395,0,,2019-1-1,,1.36595E+11,97114809391,1.36595E+11,38551805514,39480380611,1463783728,342889591.4,,,,,,,332810077.2,,,2017503661,,,,,,,,,,29503157282,11982384656,,24901391747,5041986770,,,,,,,,,,,,,,,,,,,,,,,,,,,,,,,,,,,,,,,,,25418478209,5168823183,,,57811018.72,20282441858,,,,,,,575289743.5,
11311169937,89817920455,101047.62,0,,64616357878,11362598056,18466280279,70290533441,合并,10004828,29969286.34,CNY,202825303.3,2566799588,,,1858041023,1278399239,,,2020-12-31,527089181.2,2020-3-31,3669141549,,,12653540296,14084426256,2333861981,,5711457190,,,2021-3-24,,0,19178960.05,,,850996762.3,15639004960,3117228745,1.17098E+11,1140939660,74424601054,0,,2019-12-31,年度报告,年度报告,23178411266,8934386468,,1.09719E+11,22470512482,9076650000,0,,2019-1-1,5724131184,5.62181E+11,4.36526E+11,5.62181E+11,1.22537E+11,1.25655E+11,5118690488,1128392499,,,,,,,788767977.4,,,46425195900,,,,,,,,969005171.5,962441274.7,2.52796E+11,7380183359,19739757154,2013233369,10344741833,,,,,,,,,,,,,,,,,,,,,,,,,,,,,,,,,,,,,,4031799.99,,,67244929391,15714908869,,,,69006279731,,,,,,,5511167782,
1355795685,45379568828,3010922390,0,,47356464737,6063705401,8285807369,23278784167,合并,10004829,3105418.2,CNY,1618157267,128461905.8,,,9239091.67,103677498.2,,,2020-12-31,,2020-3-28,825705310.5,,,4415527844,6868588465,1016192826,,314058497.2,,,2021-3-26,,0,64890.29,,,6255246403,1039416216,1574082968,49011813512,5575181788,6822841005,0,,2019-12-31,年度报告,年度报告,9785174730,1558272175,,24636109604,3688567655,4610787639,0,,2019-1-1,5424945317,2.0409E+11,1.55072E+11,2.0409E+11,47444724840,49018807808,2971443494,848014798.2,,,,,,,-70053654.33,,,4489382551,,,,,,100417584,,755776122.8,744847932.8,65403593690,893217959.4,7205865813,12552867665,5072521595,,,,,,,,,,,,,,,,,,,,,,,,,,,,,,,,,,,,,,,,,37971941336,1965549375,,,,34118659152,,,,,,,3077872474,
25186640,10149086367,,0,,6251917663,5511784061,2742426644,6713296178,合并,10004835,,CNY,174961762,33049056,,,18351897,19615860,,,2020-9-30,,2020-4-28,384302724,,,2940672900,628719120,476939901,,117553798,,,2020-10-27,,0,,,,,421754695,561264051,15734010625,810699711,1405958569,0,,2019-12-31,三季度报告,年度报告,1382574910,150267996,,12200643294,2620361716,2828725153,0,,2019-1-1,183832245,55695777181,42480036575,55695777181,12654476555,13215740606,556740074,93071311,,,,,,,-54799201,,,4323301803,,,,,,,,,,22247491671,2132321710,32520311,1165745108,239373750,,,,,,,,,,,,,,,,,,,,,,,,,,,,,,,,,,,,,,,,,8460155123,1281863152,,,,5468405079,,,,599220321,,,100204889,
5612322666,79680644548,447520546.4,0,75894968,82679653386,2984030099,20688609848,31205148514,合并,10005679,,CNY,1058688190,281428026.2,,,72360510.75,201165150.3,,,2020-12-31,45498974.15,2020-3-28,1931245434,,,6646320076,14864486796,2324617.34,,410080010.4,,,2021-3-30,,0,68653337.99,,,3533362320,6726965610,2902611349,80707187961,5235483494,2687604963,0,,2019-12-31,年度报告,年度报告,29655551451,6096447358,,95396420756,19548481537,7621087664,0,,2019-1-1,1038012912,3.94391E+11,3.00254E+11,3.94391E+11,91233984272,94136595621,6344759089,705722399.8,,,,,,,1542950758,,,14880673400,,,,,,,,712915206.5,701576557,81105233305,3142229045,2280131946,98597038472,11386054092,,,,,,,,,,,,,,,,,,,,,,,,,,,,,,,,,,,,,,117000000,,,58365640922,17088247532,,,,54787459180,,,,,,,2373089661,
375126023.1,27257349949,,0,,28319625787,4662651806,7343680497,10450100713,合并,10005685,2559261.07,CNY,484879035.6,83444430.87,,,7230559.18,5272532.79,,,2020-9-30,,2020-4-29,268366041,,,1681642139,4043758846,77785308.6,,153175187.6,,,2020-10-31,,0,,,,,1052548206,187716695.9,33024928718,300192506.5,534861712,0,,2019-12-31,三季度报告,年度报告,5056285108,1860191161,,12391002023,4262364479,5529563428,0,,2019-1-1,,1.09343E+11,81190688073,1.09343E+11,27964591891,28152308587,1822337621,622416227.9,,,929699014.7,,,,132847159.6,,,4188442571,,,,,,,,,,32329111128,190303849.5,19359924.42,5935613265,2466410342,,,,,,,,,,,,,,,,,,,,,,,,,,,,,,,,,,,,,,700000000,,,22520736127,3492713466,,,,19579328299,,,,,,,353821762,
99925740.26,11242411451,,0,,15460003463,1408302778,1560086844,7768259719,合并,10002547,574160498.1,CNY,359509156.5,102557630.9,,,79592.31,15884343.01,,,2020-9-30,32055324.93,2020-4-30,290114812.8,,,879184971.2,2124316091,192424935.6,,166420622.2,,,2020-10-31,,0,,,,,2013395349,-35790997.32,13424712916,484865302.8,172362321.5,0,,2019-12-31,三季度报告,年度报告,2771469583,1146654235,,14515651543,2912119926,5645109124,0,,2019-1-1,,65850994602,46293216845,65850994602,19593568754,19557777757,1100648040,39378850.65,,,,,,,183766198.1,,,1310320448,,,,,,,,,,17667368834,779764040.1,,11383678880,3317992714,,,,,,,,,,,,,,,,,,,,,,,,,,,,,,,,,,,,,,,,,9789333913,1616211294,,,,10578077247,,,,,,,14746675.73,
4937060039,61724219804,,0,,65991501508,7013198556,35679824625,27533939437,合并,10004774,66583575.56,CNY,826872488.4,485282411.7,,,1805818796,2183222424,,,2020-12-31,,2020-3-28,1474162062,,,4780890141,11165277428,9670605.55,,436565507.4,,,2021-3-27,,0,,,,1413614693,8833586050,79529719.14,61927739281,3447579111,1621664577,0,,2019-12-31,年度报告,年度报告,19256085700,5567916992,,97706685534,12471615672,6699409329,0,,2019-1-1,3103672686,3.81772E+11,2.96644E+11,3.81772E+11,85048320108,85127849827,5236148008,468848992.7,,,15000000000,,15000000000,,821414658.9,,,33098616429,,,,,,,,1189838713,1252147382,1.38146E+11,10076386274,1894635258,45734306885,7057809335,,,,,,,,,,,,,,,,,,,,,,,,,,,,,,,,,,,,,,,,,53040322679,8125251788,,,663954452.6,55224619148,,,,,,,763703283.8,
407104987.3,12093603888,450000,0,,2299073939,900492916.7,997504747.8,9501180308,合并,10004880,62313227.21,CNY,718901736.9,38552931.56,,,23034937.96,49618162.54,,,2020-9-30,,2020-4-2,161142698.4,,,1493524839,983608081.7,6243686.47,,166977680.8,,,2020-10-23,,0,1437624193,,,,31553798.39,77820090.19,12074739150,302159572.7,118245907,0,,2019-12-31,三季度报告,年度报告,1803007111,559861382.9,,11836826525,2871252167,3501839770,0,,2019-1-1,,48598499334,30861813590,48598499334,17658865654,17736685744,979290197.6,99422916.61,,,,,,,-17862668.46,,,,,,,,,,,,,23611853750,1020935840,496315008.7,795762701.3,99817728.87,,,,,,,,,,,,,,,,,,,,,,,,,,,,,,,,,,,,,,,,,9661085880,1692932143,,,,4592771031,,,,907802853.8,,,92630870.79,
42208491987,1.23352E+11,22737711.14,0,,1.26011E+11,33136195311,58830052958,54152030508,合并,10002269,294310677.2,CNY,5241489040,2843995358,,,7351073185,13991750056,,,2020-12-31,1254733415,2020-3-20,7467445694,,,1459936902,25614987937,10022823788,,3072628058,,,2021-3-19,,0,938146481.4,,,383333834.2,9001082584,3824583551,1.50152E+11,8034002933,4345232977,0,,2019-12-31,年度报告,年度报告,60104047193,14608233937,,1.74448E+11,32692075416,12116908400,0,,2019-1-1,7404904947,7.91722E+11,6.26273E+11,7.91722E+11,1.61625E+11,1.6545E+11,8682886571,2884804838,,,,,,,954348112.5,,,20137293291,,,,194678484.1,,,,1600884518,1566902657,3.55348E+11,57716998786,,23684062706,16279368863,,,,,,,,,,,,,,,,,,,,,,,,,,,,,,,,,,,,,,272990189.5,,,95416860961,22984523859,,,,70673845177,,,,,,,29067859327,
512896608.9,13595885740,,0,,4155167123,200956944.4,5419444484,7852125555,合并,10002333,,CNY,308381799.5,85852022.55,,,,55844982,,,2020-9-30,,2020-4-2,82086210.63,,,985053449.6,2218059862,46051960.45,,65204766.14,,,2020-10-30,,0,,,,,574930694.7,65802596.56,13906547253,159171460.1,95858109.16,0,,2019-12-31,三季度报告,年度报告,6459920121,1848955478,,2867625222,2319895282,3024359310,0,,2019-1-1,246534740.7,50151031165,29362617957,50151031165,20722610611,20788413208,1118710113,157387311.8,,,,,,,49435650.49,,,3332214080,,,,,,,,,,13473513559,2207439594,152973211.9,795752348.6,2623191791,,,,,,,,,,,,,,,,,,,,,,,,,,,,,,,,,,,,,,,,,11461246776,1958106633,,,,9178386106,,,,,,,60446787.46,
39020993.89,19734231641,,0,,28239590640,,9806267228,11765216103,合并,10004790,,CNY,620316429.2,4650589.76,,,515945.01,4923382.96,,,2020-9-30,,2020-4-25,676034148.8,,,2578212328,2153950218,149905260.3,,187413953.5,,,2020-10-31,,0,,,,,1179023133,299879055.6,18198632388,270799585,2032068151,0,,2019-12-31,三季度报告,年度报告,3081589048,786812209.1,,13125823986,3352807144,3000000000,0,,2019-1-1,362188067.2,96234645048,74978852821,96234645048,20955913171,21255792227,848900937.3,116009444.6,,,,,,,125477406.2,,,4894327024,,,,,,,,,,37142619700,5609206692,142062707.3,5796376967,4372178680,,,,,,,,,,,,,,,,,,,,,,,,,,,,,,,,,,,,,,,,,14885031765,3043809592,,,19220540.31,11603902720,,,,,,,157516730.2,
9467098681,87464142308,75080474.97,0,74885334598,1.32742E+11,20622513498,57485193783,56526248967,合并,10004281,273833514.1,CNY,3143085667,251079237.6,,,1516495825,2170598512,,,2020-12-31,176838607.7,2020-3-27,6305460562,,,10756100198,15156735177,4134434373,,1311833877,,,2021-3-31,90085277.69,0,182997693.9,,,46333118326,4942937512,15027749582,1.17017E+11,33452761842,14137457426,0,,2019-12-31,年度报告,年度报告,36859495813,5699701657,,68877677525,8611100784,11501700000,0,,2019-1-1,41792004890,6.36794E+11,4.95675E+11,6.36794E+11,1.26091E+11,1.41119E+11,6935712200,2575352237,,,,,,,-888898605.2,,,32206854511,,,,,,,,985650866.5,990874291.8,2.19593E+11,30085966204,2624092945,11154221274,15783977730,,,,,,,,,,,,,,,,,,,,,,,,,,,,,,,,,,,,,,,,,76178521758,6755135500,,,,52797925710,,,,,,,9752377293,
169721119.7,13445935251,3312000,0,,8571535324,2401267556,4479583865,5747128331,合并,10005609,,CNY,562868833.7,172947044.1,,,2337314,6267721.16,,,2020-9-30,78011859.29,2020-4-10,687249489.3,,,2123478974,2105453856,75920803.93,,245400598.2,,,2020-10-28,,0,21519879.92,,,,710844603.7,566345251.7,18675125694,1072959360,9359617754,0,,2019-12-31,三季度报告,年度报告,4552525745,923448259.3,,10978245712,1261780718,2340452915,0,,2019-1-1,,68217925984,52068101465,68217925984,15583479267,16149824519,940002645.3,124366249.5,,,,,,,-102084224.5,,,5093067595,,,,,,,,,,28158351353,,,,68705074.28,,,,,,,,,,,,,,,,,,,,,,,,,,,,,,,,,,,,,,796850000,,,11934789215,653758441.5,,,,9777582558,,,,,,,237724884.7,
189349483.7,5484735411,34758534.56,0,,1146463838,802313888.9,786953502.4,708119648,合并,10005633,310694686.6,CNY,141503285.5,3252509.28,,,,2738167.67,,,2020-12-31,1044641300,2020-3-6,105988803.4,,,731109570.1,,403806226.8,,425641692.8,,,2021-3-16,,0,,,,2176924767,2591787467,1893005584,5259263918,91855013.62,4509954186,0,,2019-12-31,年度报告,年度报告,1518931350,363341567.4,,4110068355,1478369472,896000000,0,,2019-1-1,1862060572,27305938998,22070631054,27305938998,3342302361,5235307944,201792963.9,40260796.43,,,,,,,17458399.15,,,1156529391,,,,,,,,,,9996173816,187879586.1,,1405508490,19555879,,,,,,,,,,,,,,,,,,,,,,,,,,,,,,,,,,,,,,,,,3826829042,1197489556,,,,2346617996,,,,,,,166467879.8,
419184788.7,16568082481,,0,,12202694751,100000000,8071074463,12610173776,合并,10005647,79130833.26,CNY,328697366.6,60084972.69,,,,,,,2020-12-31,,2020-3-30,1289468790,,,75774025.33,2737808877,120876333.8,,48736655.14,,,2021-3-30,,0,,,,447890000,2822644857,11781254.94,16294652919,162495663,70117312.16,0,,2019-12-31,年度报告,年度报告,4565132949,172099114.2,,14719547531,3285660769,3365447047,0,,2019-1-1,1088103966,83168823269,58322417295,83168823269,24834624719,24846405974,1336639334,188700795.9,,,,,,,219422737,,,4486718064,,,,,,,,,,16464138565,7799193519,812103966.7,20366722185,,,,,,,,,,,,,,,,,,,,,,,,,,,,,,,,,,,,,,,,,,13818939396,2819550772,,,,12309596128,,,,,,,637049750.2,
40320191,11639809674,,0,,13007372685,5992190437,7052109397,6275980984,合并,10005659,,CNY,243035573.2,11208635.16,,,1079375,1665146.27,,,2020-12-31,17134165.03,2020-3-28,151395967.9,,,1701638916,1475659903,22096264.01,,130445760.7,,,2021-3-20,,0,,,,,239264124.2,501326560.4,11307006407,172617108.6,131427324.7,0,,2019-12-31,年度报告,年度报告,1342945637,618893789.8,,18330330267,1620500176,4215541972,0,,2019-1-1,,66308135251,51797302063,66308135251,14009506628,14510833189,647833857.9,100105850.1,,,,,,,51544275.08,,,700764530.1,,,,,,,,,,11580616998,1223213534,14738275841,11796666801,75000000,,,,,,,,,,,,,,,,,,,,,,,,,,,,,,,,,,,,,,,,,9048335152,1414442054,,,,5341021020,,,,,,,118231355.9,
8896470.17,4785444430,6832680,0,,6672161644,135000000,3691189275,2797845237,合并,10062057,,CNY,421842514.5,,,,182830984.4,74297144.96,,,2020-9-30,,2020-4-30,250590944.6,,,121953371,703416450.2,,,55196562.42,,,2020-10-31,,0,,,,,448040652.7,97924727.19,6611591646,344290735,28783265.37,0,,2019-12-31,三季度报告,年度报告,-279897387.2,402373126.2,,6665802508,1119782190,6816316370,0,,2019-1-1,,30727718067,20284247282,30727718067,10345546058,10443470786,347628606.1,69238037.43,,,,,,,-39763217.39,,,1432687789,,,,,,,,,,14110299515,2730187.07,18238575.27,647614008.6,62881730.35,,,,,,,,,,,,,,,,,,,,,,,,,,,,,,,,,,,,,,,,,4044294540,719043269.6,,,,2249903949,,,,,,,391471413.6,
31126734.18,,,0,47230387674,10611747893,,97800195.6,11764393578,合并,10005840,7386362.05,CNY,247482531.6,171537781.8,,,5378090.77,802257.65,,142664833.5,2020-12-31,,2020-2-29,66561680.26,,,,379924331.1,,,30007340.83,,,2021-3-20,,0,31710000170,,,19383092495,276090092.8,6290756803,8491103027,,,0,,2019-12-31,年度报告,年度报告,1422120134,255081208.4,,570730763.9,100395631.5,2752884754,0,,2019-1-1,11574252737,1.14534E+11,91208246611,1.14534E+11,17034783095,23325539898,652730743.4,496998291.1,,,,,,,62729554.5,,,,,,,26605061465,14866639273,49282075.94,,,,23502695457,,5603303374,2041302300,,,,,,,,,,,,,,,,,,,,,,,,,,,,,,,,,,,,,,,,,,,,,,,,,,,,,,62989385.53,545983440
217135303.4,6791858244,170139.64,0,425118137.8,1171409760,2767911875,5046428956,8861826994,合并,10194966,,CNY,40728159.07,2773704.78,,,1809616.27,109252358,,,2020-9-30,,2020-4-30,112967809.2,,872205750,654237237.9,308695568.8,3079912345,,66216918.45,,1661148.46,2020-10-31,,0,2301457200,,,,856533190.8,2490050.1,7330388192,,,0,,2019-12-31,三季度报告,年度报告,406834197.7,197914581.8,,5358959139,824458019.7,1935084653,0,,2019-1-1,,33730601085,22151492916,33730601085,11576618119,11579108169,44253651.01,18744175.68,,872205750,,,,,19923054.68,,,,,,,,,66182198.63,,,,10150540636,,,360350271.3,100000000,,,,,,,,,,,,,,,,,,,,,,,,,,,,,,,,,,,,,,,,,,,,,,4038944177,,,,,,,205879718.8,
59529164.35,12130206836,,0,,5058910826,,5527468341,5110494106,合并,10004819,27988204.58,CNY,313246469.2,194609135.3,,,20043543.11,1139492.2,,,2020-12-31,12010213.98,2020-3-30,617939332,,,25509781.85,719376415.6,3829390.1,,70868742.92,,,2021-3-31,,0,,,,,1474395109,369681884.3,10606974395,138946484.6,70202543.2,0,,2019-12-31,年度报告,年度报告,2609141307,637878019.5,,12340010470,3758944249,3621000000,0,,2019-1-1,,50963424390,37325522781,50963424390,13268219725,13637901609,547394286.9,206327994.2,,,,,,,2733375.4,,,2079555346,,,,,,,,,,15697750295,4547152954,617772570.4,5164764224,79146156.18,,,,,,,,,,,,,,,,,,,,,,,,,,,,,,,,,,,,,,,,,9181155164,2995968666,,,,6492127342,,,,658080233.8,,,313699546.8,
37033564943,82886259008,82113719,0,,69573553145,9488642356,53939996986,46208639931,合并,10004865,1255494531,CNY,1251032372,13762239,,,550081484,1358809303,,,2020-12-31,,2020-3-25,3499216547,,,12975377462,17497137148,599812570,,2340484819,,,2021-3-26,,0,,,,1491621873,2458562530,8592332807,1.20651E+11,1423919458,2429961358,0,,2019-12-31,年度报告,年度报告,41335967216,5685105216,,1.26017E+11,11596258702,8907948159,0,,2019-1-1,10311102361,5.59314E+11,4.1322E+11,5.59314E+11,1.37501E+11,1.46094E+11,7172530796,2274216890,,,16129798976,,15000000000,,249467582,,,17424352341,,,,,,,,2159807379,2363836461,1.89022E+11,44286692258,,60266827628,17547075504,,,,,,,,,,,,,,,,,,,,,,,,,,,,,,,,,,,,,,499566172,,,95397716130,7136107134,,,,72088344371,,,,,,,5689249507,
233131373.2,10702647028,,0,,24187565173,51218083.59,5183376398,9762075297,合并,10120316,,CNY,504345255.3,4175306.78,,,7750862.27,119663464.8,,,2020-9-30,28805922.43,2020-4-30,164960276.2,,,850420028.5,2384753883,20000000,,32118127.2,,,2020-10-31,,0,,,,,221279295.4,36427272.64,10512431794,929900536.5,4243620248,0,,2019-12-31,三季度报告,年度报告,3668659961,1038133702,,8289171886,3009792422,2757960657,0,,2019-1-1,1661802273,77543564328,57214649469,77543564328,20292487586,20328914859,1460690829,49129655.08,,,,,,,258346959,,,6593445527,,,,,,,,,,17570733770,40945748.36,650088971.1,22188319748,2481585498,,,,,,,,,,,,,,,,,,,,,,,,,,,,,,,,,,,,,,,,,7818844521,2549492964,,,,12772101252,,,,,,,415554170.2,
480101048.7,40179178362,,0,,67309198769,6384658783,24206541982,28254929992,合并,10004846,50034280.51,CNY,760993782.6,19031249.53,,,609102138.4,2643374802,,,2020-12-31,30071334.1,2020-3-28,2040273432,,,1642894348,7997676253,32135375.1,,168519080.8,,,2021-3-31,,0,208113569.4,,,,4453754152,46120419.71,48940833855,1732618758,1919456597,0,,2019-12-31,年度报告,年度报告,6773604054,1601085896,,57478062866,13243653714,6993655803,0,,2019-1-1,640153529.2,2.62971E+11,2.0896E+11,2.62971E+11,53965516313,54011636733,3445689430,278223978.5,,,,,,,499960781.4,,,16113199560,,,,,,,,1002749136,995005231.2,66901093486,12630960595,7193554229,64895563425,10832873154,,,,,,,,,,,,,,,,,,,,,,,,,,,,,,,,,,,,,,80000000,,,29749885414,10832489060,,,,13214262241,,,,,,,1019919667,
38828248.38,6986127051,,0,,6410952678,500468194.4,2497513657,2608133394,合并,10004838,13870853.4,CNY,380081320.6,21313653.5,,,,,,,2020-12-31,330792270.2,2020-3-31,144327648.1,,,142072831.7,1021277103,14530078.7,,282250870.4,,,2021-3-30,,0,61028702.05,,,409742425,1436135726,470719211.2,7339362252,1224296297,325715831.9,0,,2019-12-31,年度报告,年度报告,1615471014,637711815.8,,9459301980,1587106637,3502400000,0,,2019-1-1,202375027.1,35574027476,26059796111,35574027476,9043512154,9514231365,295905363.7,46546637.56,,,,,,,325279.89,,,55284863.45,,,,,,,,,,15840831400,904399003.1,,,85816000,,,,,,,,,,,,,,,,,,,,,,,,,,,,,,,,,,,,,,,,,5743827819,1404426220,,,,3925155288,,,,,,,329884346.9,
6292722142,46587457461,234749894.6,0,,37549336297,5351588176,23772690649,6769233171,合并,10004769,832269353.6,CNY,1643888120,302471179.4,,,18933954.93,71408981.24,,,2020-9-30,296386293.5,2020-3-20,1126583684,,,4374714700,11674053491,10260249.61,,656538746.8,,,2020-10-30,,0,133241379.6,,,,3110575968,46162822.45,52914629831,381391313.7,6949986304,0,,2019-12-31,三季度报告,年度报告,20027506957,3597705855,,41823129380,6792949935,8200000000,0,,2019-1-1,296320895.4,2.24644E+11,1.68389E+11,2.24644E+11,56209088720,56255251542,4212265618,870913978.9,,,5000000000,,5000000000,,326029483.3,,,18043322824,,,,,,,,,,62511569002,284705904.5,,17972591321,9729134026,,,,,,,,,,,,,,,,,,,,,,,,,,,,,,,,,,,,,,,,,46352426656,4964700968,,,,37708047437,,,,,,,791157610.5,
45576626.48,12974275124,,0,,14324395792,270000000,8110353641,3980933505,合并,10004930,,CNY,197033603,78034685.24,,,6250414.22,5564598.98,,,2020-12-31,,2020-3-19,886042816.5,,,3253641019,1838289189,19845342.58,,99412086.77,,,2021-3-18,,0,,,,,99508843.55,,19316611735,709790253.7,7950026541,0,,2019-12-31,年度报告,年度报告,4674615976,759288543.5,,9017680244,3593175116,3333346474,0,,2019-1-1,6530399.4,67404021580,52548381570,67404021580,14855640009,14855640009,557085785.8,262135804.2,,,467921304,,,,3447775.67,,,6532989726,,,,,,,,,,22251377605,321883484.8,,,,,,,,,,,,,,,,,,,,,,,,,,,,,,,,,,,,,,,,,,,,14542435306,2399185324,,,,8751642534,,,,,,,109336569.5,
2766214205,80508860270,,0,,64023358183,8177307038,30438084072,25022895959,合并,10004876,,CNY,99832078.83,261392439.4,,,208502701,469791795.9,,,2020-12-31,8034187.5,2020-3-28,276718303.3,,,10735256392,9933043865,439538680.3,,493538105.2,,,2021-3-30,,0,,,,,1320135983,1026103829,70329276150,3425521982,2474045715,0,,2019-12-31,年度报告,年度报告,18915913293,3354729064,,54855653811,11276474885,10137258757,0,,2019-1-1,5775420038,3.15666E+11,2.43744E+11,3.15666E+11,70895594078,71921697907,6083975483,363083801.4,,,,,,,802506721.4,,,17659517316,,,,,,,,1339653532,1336724225,74039119174,1718081625,5031295865,23017490419,19349248070,,,,,,,,,,,,,,,,,,,,,,,,,,,,,,,,,,,,,,,,,60281957293,9485071511,,,,58721318361,,,,,,,5116838493,
183081131.5,8895066941,,0,,4623940376,2361159583,3023888528,3487237786,合并,10004941,35578119.28,CNY,345625693.1,8258284.47,,,11384115.93,83740,,,2020-12-31,17289669.93,2020-3-31,193032226.7,,,395169736,1382038921,22371814.46,,157209959.5,,,2021-3-31,,0,20444852.57,,,13202955.17,1104721399,826578441,9331748562,1446099030,393552547.5,0,,2019-12-31,年度报告,年度报告,88232726.32,478666321.8,,8721088626,2518049516,3869070700,0,,2019-1-1,1568747898,43569902416,33072115962,43569902416,9671208013,10497786454,808084288,56986010.7,,,,,,,36543591.23,,,4455447125,,,,,,,,184977696.1,177837189.7,17227018647,1114552379,676389859.3,664695346.5,,,,,,,,,,,,,,,,,,,,,,,,,,,,,,,,,,,,,,,,,,6581561810,2347142385,,,,6060740197,,,,,,,153912302.4,
2343558732,77053334923,,0,,91735203240,10951073812,39250938692,19367146136,合并,10004830,144165661.8,CNY,1833394995,2557994.93,,,481834515.2,614656089.4,,,2020-12-31,99724140.11,2020-3-28,1135225104,,,8878240894,12276012429,,,143715460.1,,,2021-3-31,,0,115368567,,,301426849.3,2489250221,1625217080,87543772816,2770570620,12214894861,0,,2019-12-31,年度报告,年度报告,23464175130,3676788139,,83943833549,11940567052,25039944560,0,,2019-1-1,1160306944,3.88537E+11,3.03706E+11,3.88537E+11,83206189814,84831406894,3390426173,1363800780,,,,,,,-331514614.5,,,17065153234,,,,,,,,793824530.8,779730324,1.15228E+11,384169663.9,7312724765,44029179920,9445341611,,,,,,,,,,,,,,,,,,,,,,,,,,,,,,,,,,,,,,,,,62487606147,8709706176,,,,53048414311,,,,,,,1968152226,
,,,0,1991975922,,,,266599163.2,合并,10106348,201955042.4,CNY,7889300.29,3149462.14,,,4074740,9379450,,,2020-12-31,462458266,2020-3-10,36214248.08,,,,130280247.6,5501692.3,,175801930.6,,,2021-3-31,,0,4137243495,,,382806575.2,,,3347867329,12075199.6,63448501,0,,2019-12-31,年度报告,年度报告,756559838.3,13273139.63,,,,445000000,0,,2019-1-1,,6387714431,4679366851,6387714431,1708347580,1708347580,105951776.7,12629953.48,,,,,,,3956554.22,,,,,,,,,,,,,141900760.9,57436274.69,,,,,,,,,,,,,,,,,,,,,,,,,,,,,,,,,,,,,,,,,,,2969798350,,,,,,,,,,,,,,
28771503.75,17044361434,44487.18,0,,7996258527,2151319222,8607263203,8114012431,合并,10004804,,CNY,252158738.8,110425032.5,,,2092073.57,3141530,,,2020-9-30,,2020-3-31,599531474.7,,,1344143361,2659727121,13702713.15,,49503302.19,,,2020-10-30,,0,,,,,44621573.33,44225184.16,15339174980,277599147.4,305069243.6,0,,2019-12-31,三季度报告,年度报告,5386873619,844356221.3,,12756844060,3683008374,2625000000,0,,2019-1-1,,67827402919,48133791062,67827402919,19649386673,19693611857,814078671,217060902.2,,,,,,,49694830.17,,,6572463601,,,,,,,,,,16740619452,103675297.3,,9411382386,44629229.76,,,,,,,,,,,,,,,,,,,,,,,,,,,,,,,,,,,,,,,,,14039986287,2422209595,,,,11361126337,,,,,,,56846573.69,
14729500.63,206835886.7,11702670.31,0,928876213.6,458938356.2,,21302130,861456960.9,合并,10095670,86470720.18,CNY,17030485.29,13686650.7,,,,,,,2020-12-31,468334.81,2020-3-14,26175908.47,,,1965.23,93783754.57,5300832.67,,181808587.3,,,2021-3-16,,0,10067653918,,,,1069879.35,13249022.16,7450400674,74147869.32,517173.44,0,,2019-12-31,年度报告,年度报告,783836814.5,24247163.32,,667993.32,41501996.29,580000000,0,,2019-1-1,699069192.8,14050296818,11609722977,14050296818,2427324819,2440573841,72355209.32,6595377.34,,,,,,,35892079.32,,,,,,,,,,4141361.05,,,555681148.8,105079093.7,175846874.4,4416487815,10224854.78,20731092.12,,,,,,,,,,,,,,,,,,,,,,,,,,,,,,,,,,,,,,,,5777900377,,,,,,,,,,,,32628075.44,
81468610.05,13525442358,,0,,14767543927,1350686806,3182707514,8266130825,合并,10053660,1652433.94,CNY,328857996.3,53653517.34,,,36300113.56,13915777.91,,,2020-9-30,23226112.71,2020-4-25,309480875.4,,,305653155.9,2677250571,,,339337324.9,,,2020-10-29,,0,,,,,5724428385,8949018.8,13229273041,470496424,464293094,0,,2019-12-31,三季度报告,年度报告,5284530610,1795334023,,6507867981,2902124747,3589000000,0,,2019-1-1,665489550.4,64992113227,43643711513,64992113227,21339452695,21348401714,917546706,172100766.5,,,500000000,,500000000,,104993983,,,4245915102,,,,,,,,,,19581973413,,227458280.3,5582645321,125020892.2,,,,,,,,,,,,,,,,,,,,,,,,,,,,,,,,,,,,,,,,,11215922516,2442911653,,,,12394919889,,,,,,,226557306.9,
34316294.16,7512796666,,0,,18020388944,150068750,3505744837,4259929865,合并,10004866,395860677,CNY,176750717.7,99850963.76,,,,274923.17,,,2020-9-30,156642036.8,2020-4-28,113148035.1,,,1914546750,619594651.2,66634466.97,,584113695.2,,,2020-10-31,150102500,0,195000,,,,644871981.4,5384096470,8879676149,6669361684,2149216016,0,,2019-12-31,三季度报告,年度报告,2012666644,237678308,,10037807023,1887047540,5180000000,0,,2019-1-1,,59920334525,42413087993,59920334525,12123150063,17507246532,292289870.8,68841127.56,,,,,,,-241330968.4,,,4101653977,,,,,,,,,,23141487599,,,979663520.6,3838700734,,,,,,,,,,,,,,,,,,,,,,,,,,,,,,,,,,,,,,,,,5436071874,1248239299,,,,6068122662,,,,,,,747858938.9,
372940587.2,33494472707,219298.85,0,,32212281436,3576357728,12572663170,10857565037,合并,10004894,6011702.87,CNY,912312812.4,320586199.3,,,99279168.26,51781107.35,,,2020-9-30,478563056.4,2020-4-28,922585745.4,,,5904321055,4823677832,,,199045699.9,,,2020-10-30,,0,1057206.47,,,342501181,684413394.7,1096987801,30916047553,1608410433,5648706681,0,,2019-12-31,三季度报告,年度报告,4546698234,1886590611,,25496292326,6763320639,6271763180,0,,2019-1-1,3505844123,1.46613E+11,1.11607E+11,1.46613E+11,33909579330,35006567131,1839215369,415145350.4,,,6000000000,,6000000000,,-429340321.2,,,3933260649,,,,,,,,,,33342840435,345790400.5,4238796067,18522040229,5510778810,,,,,,,,,,,,,,,,,,,,,,,,,,,,,,,,,,,,,,2754987.94,,,26166973137,4533338143,,,,23248873866,,,,,,,682845873.9,
39877662.43,5519297902,,0,,,562249000,1128026994,677164470.8,合并,10004839,38242919.56,CNY,2426923.01,7731838.85,,,,,,,2020-12-31,1841153.68,2020-4-20,48347749.22,,,68446965.79,697068445.4,,,46972470.48,,,2021-3-31,,0,,,,,,,5823917912,42253686.83,19596305.95,0,,2019-12-31,年度报告,年度报告,1085924938,40082605.48,,3201601834,1254166801,2700000000,0,,2019-1-1,,16509632681,11171270965,16509632681,5338361717,5338361717,178203862.1,42116227.43,,,,,,,,,,1311921309,,,,,,,,,,5958430064,154939978.9,,,,,,,,,,,,,,,,,,,,,,,,,,,,,,,,,,,,,,,,,271856300,,,4704725790,890993173.7,,,,2081109705,,,,,,,15449336.2,
222399009.9,8212332819,1868504.15,0,,5145994931,200284931.5,3426927199,2163660567,合并,10004787,,CNY,38149567.97,1163061.86,,,,,,,2020-12-31,,2020-3-3,88137120.1,,,64634159.89,1429177349,,,50297363.91,,,2021-3-19,,0,3543558.21,,,,104200584.1,,9304970680,115307418.4,26497274.65,0,,2019-12-31,年度报告,年度报告,2023126948,259073566.4,,3692992407,2100537590,1902400000,0,,2019-1-1,,28419402851,20352076888,28419402851,8067325963,8067325963,548961098.9,23781582.28,,,,,,,,,,1309032877,,,,,,,,171928524.1,172650387.2,8222946483,1080461977,,,,,,,,,,,,,,,,,,,,,,,,,,,,,,,,,,,,,,,,,,,,6547713058,1740469698,,,,4638396986,,,,,,,92969173.83,
42113456.81,9391320107,,0,,4235225754,,2397859093,4200578331,合并,10004807,1077876.1,CNY,100470145.3,93786367.64,,,1086517,3631620.42,,,2020-9-30,,2020-4-2,943387907.7,,,388309754.9,1422715380,5845161.39,,22096603.9,,,2020-10-31,,0,,,,,476730186.2,112719246.6,9124168190,113616713,119914107,0,,2019-12-31,三季度报告,年度报告,1618859348,301155972.7,,8916507407,2568871720,3298823404,0,,2019-1-1,,36058606743,24853738942,36058606743,11092148554,11204867801,404325700.9,81915425.91,,,,,,,146846390.9,,,1659999274,,,,,,,,,,2244755402,,,12578607111,145509727.3,,,,,,,,,,,,,,,,,,,,,,,,,,,,,,,,,,,,,,8169450.83,,,7764323449,2071780097,,,,4939745176,,,,,,,6469457.02,
4108554831,54625735591,54197180,0,,56884569243,9263544695,21118755796,8753212700,合并,10066493,,CNY,963865146.7,660873590,,,955450490.3,761571874.7,,,2020-9-30,49438121.53,2020-3-27,503438392,,,2793611446,8691509097,,,235918299.1,,,2020-10-24,,0,,,,,269512205.2,312814624.8,90254671089,418140505.5,7922904687,0,,2019-12-31,三季度报告,年度报告,17542774261,2703648313,,55532975399,9662040500,7646385238,0,,2019-1-1,889011601.9,2.8567E+11,2.28775E+11,2.8567E+11,56581919227,56894733852,3573327465,600594040.6,,,9980698113,,9980698113,,394012354.2,,,17495952867,,,,,,,,1102008437,1075262150,91755932946,1126344205,,32430034572,3213800038,,,,,,,,,,,,,,,,,,,,,,,,,,,,,,,,,,,,,,15069149687,,,47315066800,5380589646,,,,27806140146,,,,,,,2136865676,
320689870.1,14659437926,,0,,11115521584,1305834444,2207701487,9220082219,合并,10004837,,CNY,160345057.7,9554405.84,,,11592848.4,21519107.22,,,2020-9-30,,2020-4-21,172982617,,,1607967149,1843819280,11302586.62,,76329606.84,,,2020-10-27,,0,,,,,1569751959,432777399.7,13543083035,582055438.9,348129543.2,0,,2019-12-31,三季度报告,年度报告,2236633720,996720181.5,,10314662884,1705471787,3103405351,0,,2019-1-1,0,59095592937,41743400941,59095592937,16919414596,17352191996,552052779.2,111490874.3,,,,,,,-36578753.16,,,2538969873,,,,,,,,,,23411922968,870246.58,445230941.2,1469282332,46233332.74,,,,,,,,,,,,,,,,,,,,,,,,,,,,,,,,,,,,,,0,,,12789273424,790557470.2,,,,11892229787,,,,,,,182110002.2,
30345140.78,3003775771,,0,,,396750,6664213746,5532313511,合并,10004813,16667104.84,CNY,47966223.8,129864193.2,,,,340363,,,2020-12-31,32018866.32,2020-3-30,103011764.3,,,307230287.1,1305985453,,,104224740.9,,,2021-3-31,,0,4306474.82,,,,79852770.41,241837627.6,5803516343,2557274659,8376383249,0,,2019-12-31,年度报告,年度报告,2204930165,595034534.9,,10644293338,1612769821,3633405396,0,,2019-1-1,100137500,45460951095,31841163154,45460951095,13377950313,13619787941,698268827.4,148546274.4,,,,,,,3046961.27,,,8382759627,,,,,,,,,,26006428039,424979938.6,113402080.1,748682263.3,30013984.08,,,,,,,,,,,,,,,,,,,,,,,,,,,,,,,,,,,,,,,,,2138865186,758502872.6,,,,1150385160,,,,,,,83293243,
281542391.5,14198435466,,0,,8678253973,1603141667,4878838009,6141338487,合并,10004926,,CNY,210868646.8,,,,,3797411.74,,15257956.68,2020-12-31,,2020-3-26,76752558.26,,,1395298663,2354626939,,,118060211.8,,,2021-3-30,,0,5469096708,,,,,4744003.33,13458572543,48317311.94,2511267582,0,,2019-12-31,年度报告,年度报告,1338573793,571932595,,1613148344,7028110815,2500000000,0,,2019-1-1,,48311789832,35573925569,48311789832,12733120259,12737864263,367750855.1,76385374.53,,,,,,,30830184.72,,,537716503.6,,,,,,,,,,8573297625,13949597.2,,1219942005,45000000,,,,,,,,,,,,,,,,,,,,,,,,,,,,,,,,,,,,,,,,,12360905898,6681098281,,,,8431849678,,,,,,,2826881765,
44015643391,48337872171,,0,,79391354390,24082382130,14298936913,26931646975,合并,10014783,6514139,CNY,1089945732,361389177,,,4502204258,6362192001,,,2020-12-31,,2020-4-27,511788283,,,6502093854,3201193156,1582678646,,1397925896,,,2021-3-31,,0,339489435,,,,1168476657,237736093,61453934518,1759861121,8063935157,0,,2019-12-31,年度报告,年度报告,11780607940,5479911805,,24708257231,10963794052,4368667868,0,,2019-1-1,,3.44971E+11,2.9644E+11,3.44971E+11,48293799342,48531535435,736558479,1549150341,,,1000000000,,1000000000,,275124924,,,21240334869,,,,,,,,1488861120,1459994528,1.68192E+11,26570318854,,28985823339,,,,,,,,,,,,,,,,,,,,,,,,,,,,,,,,,,,,,,,4477482000,,,40960387835,7498412065,,,,23189950890,,,,,,,17876559376,
